seller_id,total_orders,avg_delivery,late_rate,avg_review,avg_price,high_late_rate,low_review_score,slow_delivery,is_flagged
001cca7ae9ae17fb1caed9dfb1094831,234,12.435897435897436,0.05555555555555555,3.9786324786324787,104.64542735042734,0,0,0,0
002100f778ceb8431b7a1020ff7ab48f,54,15.777777777777779,0.16666666666666666,4.037037037037037,22.532962962962962,0,0,0,0
004c9cd9d87a3c30c522c48c4fc07416,168,13.827380952380953,0.07738095238095238,4.148809523809524,116.48648809523809,0,0,0,0
00720abe85ba0859807595bbf045a33b,26,8.153846153846153,0.07692307692307693,3.6538461538461537,38.75,0,0,0,0
00ee68308b45bc5e2660cd833c3f81cc,172,8.563953488372093,0.08139534883720931,4.3313953488372094,117.79069767441861,0,0,0,0
00fc707aaaad2d31347cf883cd2dfe10,135,15.348148148148148,0.044444444444444446,3.8,93.96222222222222,0,0,0,0
013900e863eace745d3ec7614cab5b1a,26,11.038461538461538,0.0,4.730769230769231,62.29615384615385,0,0,0,0
014c0679dd340a0e338872e7ec85666a,15,18.533333333333335,0.13333333333333333,3.6666666666666665,441.8,0,0,0,0
014d9a685fd57276679edd00e07089e5,12,8.5,0.0,3.8333333333333335,60.82333333333333,0,0,0,0
0176f73cc1195f367f7b32db1e5b3aa8,38,12.947368421052632,0.10526315789473684,4.052631578947368,122.18947368421053,0,0,0,0
01bcc9d254a0143f0ce9791b960b2a47,10,12.4,0.0,4.4,139.321,0,0,0,0
01c97ebb5cdac52891c0ed1c37ba0012,12,12.333333333333334,0.0,4.083333333333333,48.125,0,0,0,0
01cf7e3d21494c41fb86034f2e714fa1,65,11.03076923076923,0.046153846153846156,4.2,145.224,0,0,0,0
01fd077212124329bac32490e8ef80d9,39,7.666666666666667,0.02564102564102564,4.3076923076923075,30.974358974358974,0,0,0,0
01fdefa7697d26ad920e9e0346d4bd1b,130,10.276923076923078,0.06153846153846154,4.376923076923077,113.8656153846154,0,0,0,0
0241d4d5d36f10f80c644447315af0bd,246,10.390243902439025,0.056910569105691054,4.313008130081301,127.6329268292683,0,0,0,0
0249d282d911d23cb8b869ab49c99f53,11,9.818181818181818,0.18181818181818182,4.2727272727272725,35.72727272727273,0,0,0,0
02c988090b766852e088c69d7fb3b551,16,8.0625,0.0,4.6875,97.92625,0,0,0,0
02d35243ea2e497335cd0f076b45675d,16,25.125,0.375,2.6875,299.0,1,1,1,1
02dcd3e8e25bee036e32512bcf175493,15,16.466666666666665,0.3333333333333333,3.933333333333333,89.46000000000001,1,0,0,1
02ecc2a19303f05e59ce133fd923fff7,24,10.375,0.0,4.541666666666667,219.34124999999997,0,0,0,0
02f5837340d7eb4f653d676c7256523a,30,9.166666666666666,0.03333333333333333,4.833333333333333,129.435,0,0,0,0
02f623a8eb246f3c5f7c2f96462654e6,44,8.068181818181818,0.09090909090909091,4.568181818181818,144.95454545454547,0,0,0,0
0417b067eeab773d2f7061a726dc477f,13,16.615384615384617,0.3076923076923077,3.923076923076923,143.01384615384615,1,0,0,1
04308b1ee57b6625f47df1d56f00eedf,92,18.07608695652174,0.11956521739130435,3.9456521739130435,573.6967391304348,0,0,0,0
0432ead42b6c8a0bdf68154add917fdf,87,8.333333333333334,0.034482758620689655,4.551724137931035,87.06206896551724,0,0,0,0
048c2757535328e0d7dac690ad3c0aae,50,17.88,0.14,4.26,181.3016,0,0,0,0
04aa0a1c5ce6b222003403a3e11c3cc0,17,15.882352941176471,0.11764705882352941,3.5294117647058822,324.5882352941176,0,0,0,0
04aba03279157f6d4e0fe8ccaf21963c,15,11.066666666666666,0.06666666666666667,4.533333333333333,161.06666666666666,0,0,0,0
04e38a233f726ef161074ab1c9b0399a,24,11.083333333333334,0.125,4.166666666666667,41.31666666666667,0,0,0,0
0509040ea3fe50071181bbc359eb7738,96,10.979166666666666,0.0625,4.5,38.430729166666666,0,0,0,0
054694fa03fe82cec4b7551487331d74,21,22.476190476190474,0.2857142857142857,3.2857142857142856,394.5761904761905,1,0,1,1
056b4ada5bbc2c50cc7842547dda6b51,65,11.0,0.1076923076923077,4.1692307692307695,187.7446153846154,0,0,0,0
0570350b23eda5444f8d1d9544932058,11,4.0,0.0,5.0,56.99090909090909,0,0,0,0
058cb5aeb36d7c0fcae20fc85d5e0a59,12,9.333333333333334,0.08333333333333333,3.5833333333333335,103.0,0,0,0,0
058fd0aa2bfdb2274e05e1ae971dabb6,63,9.761904761904763,0.07936507936507936,4.365079365079365,119.83968253968253,0,0,0,0
05d2173d43ea568aa0540eba70d2ca76,66,13.909090909090908,0.06060606060606061,4.03030303030303,87.29272727272726,0,0,0,0
05f51e13da97139648b8125c31e5f51b,60,11.85,0.15,4.25,218.33849999999998,0,0,0,0
05ff92fedb5be47920fea08e501238b9,60,11.783333333333333,0.05,4.283333333333333,353.933,0,0,0,0
062ce95fa2ad4dfaedfc79260130565f,59,12.745762711864407,0.03389830508474576,4.016949152542373,126.76440677966103,0,0,0,0
06579cb253ecd5a3a12a9e6eb6bf8f47,70,10.485714285714286,0.15714285714285714,3.842857142857143,65.53428571428572,0,0,0,0
066a6914e1ebf3ea95a216c73a986b91,72,12.23611111111111,0.041666666666666664,3.9722222222222223,124.39416666666665,0,0,0,0
0691148aee60ca47977c187804f935ae,53,11.90566037735849,0.03773584905660377,3.981132075471698,110.72660377358491,0,0,0,0
06a2c3af7b3aee5d69171b0e14f0ee87,402,17.22636815920398,0.236318407960199,4.039800995024875,89.79597014925372,1,0,0,1
06bb3a2fe5e7b7a845b13e8fb91bd944,18,8.333333333333334,0.0,4.611111111111111,85.3438888888889,0,0,0,0
06df0c10d34e459d9672bc77388742eb,30,9.2,0.1,4.366666666666666,302.3333333333333,0,0,0,0
06e5eefc71ec47ae763c5c6f8db7064f,93,10.53763440860215,0.021505376344086023,3.978494623655914,232.7813978494624,0,0,0,0
070d165398b553f3b4b851c216b8a358,38,10.631578947368421,0.13157894736842105,3.5789473684210527,87.715,0,0,0,0
0725b8c0f3f906e58f70cbe76b7c748c,36,11.222222222222221,0.19444444444444445,3.5277777777777777,60.68722222222222,0,0,0,0
0747d5bb69f0586cc869d8af4c50f93e,13,13.846153846153847,0.07692307692307693,3.8461538461538463,25.25,0,0,0,0
0791d9fc1e30678ecf03d3e55fa108d3,11,5.7272727272727275,0.0,2.727272727272727,76.54545454545455,0,1,0,1
079d295dcbf06ee8bb1b65ba964eb2b6,10,6.3,0.0,4.8,34.93,0,0,0,0
07bf9669d84d1f11be443a9dd938f698,24,8.291666666666666,0.0,3.25,74.0,0,0,0,0
080102cd0a76b09e0dcf55fcacc60e05,128,9.296875,0.0390625,4.53125,43.97578125,0,0,0,0
080199a181c46c657dc5aa235411be3b,83,7.536585365853658,0.024096385542168676,4.614457831325301,174.74939759036147,0,0,0,0
08084d990eb3f53af056ccbc1730c8a7,12,8.0,0.0,4.5,31.041666666666668,0,0,0,0
082e0bf4cb865a6533b1e8e498cc0255,23,12.73913043478261,0.13043478260869565,3.3043478260869565,90.14347826086957,0,0,0,0
08633c14ef2db992c11f840f04fad4cd,97,9.587628865979381,0.061855670103092786,4.237113402061856,78.80721649484536,0,0,0,0
0885aaf116795758dfeb5f1032487bcd,29,5.241379310344827,0.034482758620689655,4.241379310344827,88.72758620689655,0,0,0,0
0887a9f087bcd5d9f6642b52f897fc6c,12,13.583333333333334,0.08333333333333333,4.416666666666667,136.83333333333334,0,0,0,0
08d0949a9a17c027262db1f3c450c26c,12,13.75,0.0,3.75,27.074166666666667,0,0,0,0
08d2d642cf72b622b14dde1d2f5eb2f5,20,14.45,0.15,4.45,46.456,0,0,0,0
093805f8f2aeb63881444571e1f48f30,27,7.7407407407407405,0.037037037037037035,3.814814814814815,45.029259259259256,0,0,0,0
094ced053e257ae8cae57205592d6712,19,11.789473684210526,0.0,4.052631578947368,79.9578947368421,0,0,0,0
099095b050cfe8eb1ddff5317587e96e,19,9.894736842105264,0.15789473684210525,3.0526315789473686,262.8336842105263,0,0,0,0
09f952a5f58d2285b0372551ae8f9b01,56,12.232142857142858,0.05357142857142857,3.875,211.09821428571428,0,0,0,0
0a85ebe4e328db81ac9109781205e2f7,12,4.75,0.08333333333333333,4.583333333333333,55.65833333333333,0,0,0,0
0aa2205ca24f113f4658a5c536667426,11,6.454545454545454,0.0,2.8181818181818183,74.14727272727272,0,1,0,1
0ac4201fda2c68ebc0e47cb9423cf3c9,14,12.071428571428571,0.07142857142857142,4.285714285714286,119.77714285714286,0,0,0,0
0adac9fbd9a2b63cccaac4f8756c1ca8,134,12.164179104477611,0.05223880597014925,4.007462686567164,116.2529104477612,0,0,0,0
0afccdb8a34ee5c79f7c06faf2b4d56e,24,12.958333333333334,0.08333333333333333,4.125,49.4,0,0,0,0
0b18d63d0cd1d723567903fd34a07df2,14,6.571428571428571,0.0,4.785714285714286,119.86714285714285,0,0,0,0
0b35c634521043bf4b47e21547b99ab5,77,15.532467532467532,0.11688311688311688,3.5454545454545454,171.89155844155843,0,0,0,0
0b36063d5818f81ccb94b54adfaebbf5,15,14.0,0.0,5.0,51.0,0,0,0,0
0b90b6df587eb83608a64ea8b390cf07,209,13.952153110047847,0.03349282296650718,4.023923444976076,133.30028708133972,0,0,0,0
0bae85eb84b9fb3bd773911e89288d54,145,9.786206896551723,0.006896551724137931,4.227586206896552,51.265931034482755,0,0,0,0
0bb738e4d789e63e2267697c42d35a2d,30,11.482758620689655,0.03333333333333333,4.633333333333334,76.94666666666667,0,0,0,0
0be8ff43f22e456b4e0371b2245e4d01,175,9.845714285714285,0.06285714285714286,3.9657142857142857,64.81245714285714,0,0,0,0
0bf0150d5b9d60d9cd2906003332f085,62,13.612903225806452,0.1935483870967742,3.774193548387097,93.13870967741936,0,0,0,0
0c7533c71df861ec58ad7ff999ed0e8d,73,10.04109589041096,0.0410958904109589,4.082191780821918,41.41246575342466,0,0,0,0
0c8380b62e38e8a1e6adbeba7eb9688c,218,11.504587155963304,0.05045871559633028,4.068807339449541,79.0320642201835,0,0,0,0
0cbcee27c791afa0cdcb08587a2013a8,39,12.461538461538462,0.10256410256410256,4.0,129.59358974358975,0,0,0,0
0d33a55da925bbf1ff02af5f6059fc7f,24,8.375,0.041666666666666664,4.5,22.804166666666664,0,0,0,0
0d85bbda9889ce1f7e63778d24f346eb,58,17.724137931034484,0.1896551724137931,4.293103448275862,83.53793103448275,0,0,0,0
0db783cfcd3b73998abc6e10e59a102f,137,11.087591240875913,0.0364963503649635,4.218978102189781,66.25839416058393,0,0,0,0
0dd184061fb0eaa7ca37932c68ab91c5,193,10.678756476683938,0.09844559585492228,3.9585492227979273,95.57989637305698,0,0,0,0
0ddefe3c7a032b91f4e25b9c3a08fca1,10,8.3,0.0,4.5,40.29,0,0,0,0
0df3984f9dfb3d49ac6366acbd3bbb85,88,9.136363636363637,0.011363636363636364,4.340909090909091,112.40329545454546,0,0,0,0
0ea22c1cfbdc755f86b9b54b39c16043,265,10.50943396226415,0.01509433962264151,4.3584905660377355,39.97018867924528,0,0,0,0
0eaa7e33d73809f1f925f7d07c506cbd,15,5.466666666666667,0.0,4.733333333333333,103.46666666666667,0,0,0,0
0ebd97a106433a45a4aebe57c1799778,32,8.75,0.0,4.5,95.2125,0,0,0,0
0ed6ce5d87fd9c69eaacaeb778d67235,42,15.238095238095237,0.14285714285714285,4.404761904761905,48.25047619047619,0,0,0,0
0ef83d7d83ed97cd2a0049ac8be5f88a,55,9.236363636363636,0.01818181818181818,4.254545454545455,80.382,0,0,0,0
0ff83046c3fa22efee8ecf291888b191,11,11.909090909090908,0.0,4.818181818181818,69.9,0,0,0,0
0ffa40d54288e4f3499b8780dd0f144f,35,13.085714285714285,0.14285714285714285,4.4,61.79428571428572,0,0,0,0
10076e5788b8ee532724bcd460baf762,26,9.384615384615385,0.038461538461538464,4.615384615384615,31.595384615384617,0,0,0,0
1025f0e2d44d7041d6cf58b6550e0bfa,1420,11.476056338028169,0.09225352112676057,3.871830985915493,97.32997183098591,0,0,0,0
112453736dbe3889cfb74e1aaa0ba0c1,14,13.142857142857142,0.0,4.071428571428571,135.0,0,0,0,0
1127b7f2594683f2510f1c2c834a486b,128,9.7421875,0.0625,4.1796875,52.230624999999996,0,0,0,0
11305281b50fff20ae8bb473f8e11876,40,13.55,0.125,4.35,163.21750000000003,0,0,0,0
113e3a788b935f48aad63e1c41dac1bd,48,11.5,0.041666666666666664,4.416666666666667,18.520208333333333,0,0,0,0
116ccb1a1604bc88e4d234a8c23f33de,73,8.315068493150685,0.0547945205479452,4.602739726027397,27.51849315068493,0,0,0,0
11bfa66332777660bd0640ee84d47006,102,15.352941176470589,0.17647058823529413,3.803921568627451,38.999607843137255,0,0,0,0
128639473a139ac0f3e5f5ade55873a5,554,13.913357400722022,0.0631768953068592,4.2111913357400725,21.296083032490973,0,0,0,0
128f9bfbe4c7d5185033914b1de3d39a,15,12.533333333333333,0.06666666666666667,4.8,84.50466666666667,0,0,0,0
12b9676b00f60f3b700e83af21824c0e,133,14.631578947368421,0.015037593984962405,4.556390977443609,198.31578947368422,0,0,0,0
13074f016982ff2bd6c58ced8682f000,14,13.928571428571429,0.2857142857142857,4.142857142857143,141.21428571428572,1,0,0,1
1336efc61c316ddf92c899eb817f7cae,85,11.211764705882352,0.09411764705882353,3.9411764705882355,56.90952941176471,0,0,0,0
1354d51653f645349064725ed204e85e,20,8.7,0.05,3.85,120.5,0,0,0,0
138dbe45fc62f1e244378131a6801526,58,5.879310344827586,0.034482758620689655,3.9827586206896552,20.304137931034482,0,0,0,0
13d058e4eeac2ce8217660b2f8a05812,22,10.818181818181818,0.13636363636363635,4.181818181818182,169.99,0,0,0,0
13f57c12a00ed4610db646b913a7f5c6,13,12.307692307692308,0.15384615384615385,4.769230769230769,49.63076923076923,0,0,0,0
13fa2a6c6b9d0f43cb588d7c82117a12,10,20.0,0.3,4.0,452.8,1,0,0,1
141440cad9341e553f8401c574a2aa38,12,6.5,0.0,4.166666666666667,107.35000000000001,0,0,0,0
1430239a858e7682bbc43b20758af153,22,6.863636363636363,0.0,4.0,28.81772727272727,0,0,0,0
1464afc72f696af775557a821c2e253f,30,10.6,0.03333333333333333,4.166666666666667,35.312,0,0,0,0
14a08204d03bb6b6bde8029f801ae0eb,38,8.263157894736842,0.0,3.8157894736842106,57.60236842105263,0,0,0,0
14d7985702e72162bbf13b6beb74ab2b,38,10.236842105263158,0.13157894736842105,4.342105263157895,102.28947368421052,0,0,0,0
1554a68530182680ad5c8b042c3ab563,267,13.101123595505618,0.07116104868913857,4.269662921348314,108.53797752808988,0,0,0,0
157c3e4b42f81ac4a44e8b1ca2fe9876,31,9.935483870967742,0.06451612903225806,3.967741935483871,82.43483870967742,0,0,0,0
15aac934c58d886785ac1b17953ea898,26,15.0,0.15384615384615385,4.115384615384615,163.5730769230769,0,0,0,0
15cd6eefe58588619aaed41dfa6621b1,18,13.944444444444445,0.05555555555555555,4.333333333333333,90.15222222222222,0,0,0,0
16090f2ca825584b5a147ab24aa30c86,406,8.519704433497537,0.10837438423645321,4.078817733990148,61.59401477832512,0,0,0,0
165b1235e9e9942cb5fae67103576fb0,16,6.8125,0.0625,4.3125,130.321875,0,0,0,0
165fc07beebdcb6190fba8a06db2a449,64,13.1875,0.125,3.6875,266.8546875,0,0,0,0
1660ad786c27fd935378b6192a90b417,13,8.538461538461538,0.07692307692307693,4.615384615384615,120.76923076923077,0,0,0,0
1690cada046eb7e92c12f98b1f8a8167,10,6.8,0.1,4.9,176.0,0,0,0,0
17306570e772e7718c92a562d33f5f1d,30,13.5,0.06666666666666667,3.7666666666666666,288.0,0,0,0,0
1771297ac436903d1dd6b0e9279aa505,36,8.972222222222221,0.027777777777777776,4.638888888888889,80.03527777777778,0,0,0,0
1782ce2db72c3dda627d5e7c898104e1,10,14.2,0.1,4.3,201.07999999999998,0,0,0,0
17908cf9b444ee34047cadd5c0f4a516,11,18.0,0.09090909090909091,4.545454545454546,181.2718181818182,0,0,0,0
179d859f51292aac5c10806a356f7af9,19,8.789473684210526,0.15789473684210525,4.315789473684211,21.287894736842105,0,0,0,0
17a053fcb14bd219540cbde0df490be0,148,11.33108108108108,0.08108108108108109,4.236486486486487,272.657027027027,0,0,0,0
17ca9b9e9b9ef8fdb529001b49ebb50f,128,7.6015625,0.0234375,4.03125,75.38953125,0,0,0,0
17e34d8224d27a541263c4c64b11a56b,260,13.426923076923076,0.08076923076923077,4.207692307692308,189.65769230769232,0,0,0,0
17f51e7198701186712e53a39c564617,61,22.081967213114755,0.08196721311475409,4.344262295081967,746.0327868852459,0,0,1,1
180c3376aff0e43dd5788709df48a843,10,15.6,0.1,4.7,304.0,0,0,0,0
1835b56ce799e6a4dc4eddc053f04066,551,12.212341197822141,0.10526315789473684,3.635208711433757,59.90076225045372,0,0,0,0
1838dd9b8977065acf51d95e0053ea7a,65,12.138461538461538,0.046153846153846156,4.338461538461538,42.315384615384616,0,0,0,0
184a67a8f9f63234d3a92340bbdb727f,10,15.9,0.0,3.9,24.628999999999998,0,0,0,0
18a349e75d307f4b4cc646a691ed4216,128,10.46875,0.0546875,3.53125,58.139609375,0,0,0,0
18e694e0e48ed6f7aa3f24aade5fd697,34,5.470588235294118,0.029411764705882353,4.676470588235294,20.697647058823527,0,0,0,0
1900267e848ceeba8fa32d80c1a5f5a8,523,12.32887189292543,0.0994263862332696,3.891013384321224,47.12728489483747,0,0,0,0
1987cd4be10fe09ee50454f9c354d1c6,16,15.3125,0.0625,4.25,179.85625,0,0,0,0
198c7ea11960a9844b544d9bcdca860c,25,14.0,0.12,3.88,69.35000000000001,0,0,0,0
1a3df491d1c4f1589fc2b934ada68bf2,171,14.526315789473685,0.05263157894736842,4.245614035087719,131.41754385964913,0,0,0,0
1a932caad4f9d804097d7f8e615baed1,30,8.466666666666667,0.13333333333333333,3.566666666666667,155.36666666666667,0,0,0,0
1acde099eb406aa220b1169b188b42da,10,11.8,0.0,4.3,31.109999999999996,0,0,0,0
1b1ae47a313a825a7ccceb8e2e30fa9d,10,10.1,0.0,4.3,218.4,0,0,0,0
1b4c3a6f53068f0b6944d2d005c9fc89,115,13.591304347826087,0.06086956521739131,4.147826086956521,125.39565217391305,0,0,0,0
1b7e5006cb25dd23ce8686691013b121,11,15.090909090909092,0.18181818181818182,4.363636363636363,239.70363636363635,0,0,0,0
1b8356dabde1d35e17cef975c3f82730,60,9.7,0.016666666666666666,4.133333333333334,56.10666666666667,0,0,0,0
1b8b75e227c9a9c100d0c210fb6176ce,15,14.466666666666667,0.06666666666666667,3.933333333333333,96.32466666666667,0,0,0,0
1b938a7ec6ac5061a66a3766e0e75f90,31,10.96774193548387,0.03225806451612903,4.451612903225806,124.50967741935484,0,0,0,0
1bb2bdb95f4841f1bba2c0d2cd83d3c9,83,11.891566265060241,0.07228915662650602,4.578313253012048,59.106024096385546,0,0,0,0
1c129092bf23f28a5930387c980c0dfc,219,11.127853881278538,0.0502283105022831,4.187214611872146,43.5096803652968,0,0,0,0
1c40343cc5d18c2d8248ac2f3366de34,22,6.863636363636363,0.09090909090909091,4.545454545454546,111.88227272727272,0,0,0,0
1c5e4e49b9079480255b49d50aac1aa9,12,8.333333333333334,0.0,4.333333333333333,658.7591666666666,0,0,0,0
1c68394e931a64f90ea236c5ea590300,171,14.90643274853801,0.03508771929824561,3.9298245614035086,145.22076023391813,0,0,0,0
1ca7077d890b907f89be8c954a02686a,127,14.511811023622048,0.1968503937007874,2.2913385826771653,98.22551181102362,0,1,0,1
1caf283236cd69af44cbc09a0a1e7d32,37,12.891891891891891,0.10810810810810811,4.54054054054054,24.90810810810811,0,0,0,0
1cbd32d00d01bb8087a5eb088612fd9c,12,11.75,0.08333333333333333,4.25,87.1225,0,0,0,0
1ce3ae5a399804d1a87e706f8a813c3e,44,13.340909090909092,0.09090909090909091,3.727272727272727,58.25,0,0,0,0
1d29dfba02015238dfbe2449a5eaa361,12,12.5,0.08333333333333333,4.5,51.06666666666666,0,0,0,0
1d4587203296c8f4ad134dc286fa6db0,41,9.097560975609756,0.04878048780487805,4.365853658536586,55.792682926829265,0,0,0,0
1d503743d2526f03f0c2c89540ee008c,17,8.588235294117647,0.058823529411764705,4.235294117647059,30.355294117647055,0,0,0,0
1d8dbc4f32378d715c717c1c1fc57bae,97,14.22680412371134,0.09278350515463918,3.948453608247423,115.52567010309278,0,0,0,0
1da366cade6d8276e7d8beea7af5d4bf,48,16.979166666666668,0.125,4.0,132.26229166666667,0,0,0,0
1da3aeb70d7989d1e6d9b0e887f97c23,324,7.811728395061729,0.04938271604938271,4.083333333333333,26.89679012345679,0,0,0,0
1dc2de47ee26a0a5b12dc14fd6dc0dea,27,14.296296296296296,0.1111111111111111,4.518518518518518,61.86296296296296,0,0,0,0
1dcfa3835714681d4ba4a93bc1e0fd41,14,15.5,0.0,4.142857142857143,84.75714285714287,0,0,0,0
1dfe5347016252a7884b694d4f10f5c4,26,19.03846153846154,0.23076923076923078,3.1923076923076925,62.78846153846154,1,0,0,1
1e483cc5c76fef08d3ca05f9a8af7d01,10,7.6,0.0,4.4,19.472,0,0,0,0
1e8b33f18b4f7598d87f5cbee2282cc2,139,7.359712230215828,0.04316546762589928,4.316546762589928,123.98244604316548,0,0,0,0
1eade46fba20122dc4aefb379f8c636b,75,11.493333333333334,0.13333333333333333,4.306666666666667,48.471599999999995,0,0,0,0
1f1bb1f0859883505541bdd6606193e5,29,13.758620689655173,0.10344827586206896,4.310344827586207,478.54655172413794,0,0,0,0
1f50f920176fa81dab994f9023523100,1926,14.939252336448599,0.09449636552440291,3.997403946002077,55.37679646936656,0,0,0,0
1f867308a0ce13133a4e639ff4de0c02,13,10.0,0.0,4.538461538461538,68.75461538461539,0,0,0,0
1f9ab4708f3056ede07124aad39a2554,77,13.714285714285714,0.05194805194805195,4.116883116883117,172.89519480519482,0,0,0,0
1fdc574883ef3b33ad41562d93f3a74a,18,9.722222222222221,0.05555555555555555,4.444444444444445,236.16666666666666,0,0,0,0
1fe5540d7c1c37a595fefbacd5570d9e,25,11.6,0.04,4.28,181.50400000000002,0,0,0,0
2009a095de2a2a41626f6c6d7722678d,12,9.166666666666666,0.0,3.9166666666666665,32.4075,0,0,0,0
2059c39f76271d4ca3f15b5ffaccc8b8,12,8.916666666666666,0.0,4.5,50.40833333333333,0,0,0,0
2089a6d640999f9b9141ac719b2af596,41,18.975609756097562,0.14634146341463414,3.926829268292683,187.22,0,0,0,0
20cb7c2fde3e5bf10f0bbe7394e1c6a9,50,11.52,0.1,3.9,16.9,0,0,0,0
20d83f3ef0e6925fd74bfd59170babf7,54,8.092592592592593,0.037037037037037035,4.351851851851852,53.770370370370365,0,0,0,0
2138ccb85b11a4ec1e37afbd1c8eda1f,419,10.71599045346062,0.05489260143198091,3.918854415274463,28.85255369928401,0,0,0,0
213b25e6f54661939f11710a6fddb871,190,14.784210526315789,0.11052631578947368,3.8421052631578947,79.50500000000001,0,0,0,0
2156f2671501a81034d7d07f217609d0,21,14.761904761904763,0.14285714285714285,4.0,138.54761904761904,0,0,0,0
218d46b86c1881d022bce9c68a7d4b15,420,13.054761904761905,0.09047619047619047,4.1761904761904765,127.88166666666667,0,0,0,0
218f991754f360af9c2daa5e0b8e990c,17,12.882352941176471,0.11764705882352941,3.5294117647058822,209.07764705882354,0,0,0,0
2199e7fe213c16213bf5d6a7eadc9a5d,30,10.633333333333333,0.03333333333333333,4.4,125.57633333333334,0,0,0,0
21e83881401b92b49fb09a16d3852291,13,10.615384615384615,0.0,4.769230769230769,239.15846153846152,0,0,0,0
226b05fe067266c59c15dae208213d06,11,9.181818181818182,0.0,4.181818181818182,96.08181818181819,0,0,0,0
229c3efbfb0ea2058de4ccdfbc3d784a,145,10.386206896551725,0.020689655172413793,3.6620689655172414,106.75172413793103,0,0,0,0
232a6014e7b10cba61c6c2b2ea6bb4b0,35,13.114285714285714,0.05714285714285714,4.085714285714285,109.14200000000001,0,0,0,0
23613d49c3ac2bd302259e55c06c050c,79,13.417721518987342,0.13924050632911392,3.7088607594936707,53.07721518987342,0,0,0,0
236585a4ddb5fea9fa40233e2249ed91,11,12.636363636363637,0.09090909090909091,4.090909090909091,59.04818181818182,0,0,0,0
238fac594e170b59c6d228f5a4f4f1d9,30,11.966666666666667,0.13333333333333333,4.0,104.2,0,0,0,0
23a0ffca143a15b9b5bbdb7d552f626a,24,10.708333333333334,0.125,3.9583333333333335,153.64625,0,0,0,0
23c38debaffe4a25a30fdbd9b586a13f,46,11.152173913043478,0.15217391304347827,4.304347826086956,117.00391304347826,0,0,0,0
23d7c96d4a1160db1c726b248601b25a,52,12.634615384615385,0.11538461538461539,3.9615384615384617,201.29500000000002,0,0,0,0
240b9776d844d37535668549a396af32,35,10.971428571428572,0.05714285714285714,4.3428571428571425,362.63114285714283,0,0,0,0
244c2f1bff6afe1f2eaf9bfe9b2aed38,27,14.962962962962964,0.14814814814814814,3.6296296296296298,95.55555555555556,0,0,0,0
2528513dd95219a6013d4d05176e391a,166,10.048192771084338,0.05421686746987952,3.9819277108433737,196.74819277108435,0,0,0,0
257e61d3251fb5efb9daadddbc2cf7ca,12,7.666666666666667,0.0,4.75,544.0,0,0,0,0
259f7b5e6e482c230e5bfaa670b6bb8f,162,8.123456790123457,0.018518518518518517,4.271604938271605,51.809506172839505,0,0,0,0
25c5c91f63607446a97b143d2d535d31,266,13.518796992481203,0.06015037593984962,3.7518796992481205,203.79240601503759,0,0,0,0
25cf099de44674fde97473224f9d59ab,50,8.88,0.04,4.34,33.0872,0,0,0,0
25e47381a6c510ddeb36084e33b89f0c,17,9.117647058823529,0.0,4.0588235294117645,75.85882352941178,0,0,0,0
25e6ffe976bd75618accfe16cefcbd0d,115,9.417391304347825,0.05217391304347826,4.417391304347826,95.58800000000001,0,0,0,0
262237171f48e85819065498cac80d7b,10,8.3,0.0,4.3,59.9,0,0,0,0
2646baaf662d4d92ac48f047e35db92d,18,5.111111111111111,0.1111111111111111,4.555555555555555,70.23,0,0,0,0
26785a546900236d66f2e4197c211158,15,5.4,0.0,4.666666666666667,67.94666666666667,0,0,0,0
26af45f5dfd967225a832838aa4e24a3,11,8.636363636363637,0.0,4.181818181818182,52.1,0,0,0,0
26d6bbee02420494d471c9f6436929c0,13,7.538461538461538,0.0,4.6923076923076925,33.823076923076925,0,0,0,0
26d8a1c7c75d513045798992ead43aa2,36,11.777777777777779,0.08333333333333333,4.333333333333333,164.92027777777778,0,0,0,0
26e2c91ef821e1ff8985f408788fe35b,14,20.214285714285715,0.35714285714285715,3.0,117.81428571428572,1,0,1,1
270297ead4c65a6cd2593960d2af6b21,19,14.0,0.0,3.736842105263158,431.1947368421053,0,0,0,0
2709af9587499e95e803a6498a5a56e9,46,11.934782608695652,0.5,2.652173913043478,29.710869565217394,1,1,0,1
270d3ef21830ad0ecf3a6c53d08a533a,17,10.882352941176471,0.0,2.2941176470588234,27.705882352941178,0,1,0,1
271c58a1d139c45eaf3316107c6d3a3b,27,12.666666666666666,0.07407407407407407,4.185185185185185,133.24555555555557,0,0,0,0
272f092de69afedd4d2969440b37f18f,39,8.897435897435898,0.0,4.128205128205129,47.341794871794875,0,0,0,0
2745f798279e0ed033addcc1474776d7,32,12.9375,0.09375,4.0,114.64156249999999,0,0,0,0
276677b5d08786d5dce7c2149dcce48b,45,10.666666666666666,0.06666666666666667,3.888888888888889,76.09333333333333,0,0,0,0
282f23a9769b2690c5dda22e316f9941,109,10.65137614678899,0.045871559633027525,4.330275229357798,59.30532110091743,0,0,0,0
289cdb325fb7e7f891c38608bf9e0962,125,6.192,0.016,4.592,107.2844,0,0,0,0
28f10b1c5e5abb9d4857745bede6147c,28,7.178571428571429,0.21428571428571427,4.0,29.821428571428573,1,0,0,1
2953ce3a88f5e3c3b696d77fc9e4c8eb,15,7.533333333333333,0.26666666666666666,4.666666666666667,31.333333333333332,1,0,0,1
2a1348e9addc1af5aaa619b1a3679d6b,51,18.235294117647058,0.29411764705882354,3.0784313725490198,53.01313725490196,1,0,0,1
2a261b5b644fa05f4f2700eb93544f2c,82,14.036585365853659,0.21951219512195122,3.341463414634146,65.3048780487805,1,0,0,1
2a5b78b41cd05baeac8df54c6606b92c,56,8.892857142857142,0.017857142857142856,4.303571428571429,277.755,0,0,0,0
2a61c271b1ac763450d846849783e922,22,19.363636363636363,0.13636363636363635,3.6818181818181817,67.58045454545454,0,0,0,0
2a6fbeaa7ab9e5d59a35841a8da71ce4,30,13.7,0.06666666666666667,3.966666666666667,54.62566666666667,0,0,0,0
2a7dc43cecabf23403078e2188437d1d,54,12.518518518518519,0.07407407407407407,4.092592592592593,88.81314814814814,0,0,0,0
2a84855fd20af891be03bc5924d2b453,159,7.8742138364779874,0.031446540880503145,4.364779874213837,94.27044025157232,0,0,0,0
2aa3443d7bf9d9bb11133f420d75e083,10,10.0,0.2,3.0,64.7,0,0,0,0
2addf05f476d0637864454e93ba673d5,12,10.0,0.0,5.0,369.1666666666667,0,0,0,0
2b1a40c1daabc6ca280c4b815c101841,33,13.363636363636363,0.030303030303030304,3.787878787878788,374.0181818181818,0,0,0,0
2b3e4a2a3ea8e01938cabda2a3e5cc79,54,8.12962962962963,0.0,4.388888888888889,357.45907407407407,0,0,0,0
2be17df1c49978426251562096c3cc09,16,11.8125,0.0625,4.1875,135.3125,0,0,0,0
2bf6a2c1e71bbd29a4ad64e6d3c3629f,31,12.64516129032258,0.0967741935483871,4.193548387096774,867.2516129032258,0,0,0,0
2c4c47cb51acd5ea5db5e0ae0e26542a,15,10.266666666666667,0.0,4.6,171.72666666666666,0,0,0,0
2c9e548be18521d1c43cde1c582c6de8,171,12.67251461988304,0.1695906432748538,3.9707602339181287,35.73877192982456,0,0,0,0
2d2322d842118867781fc737e96d59a1,10,6.7,0.1,4.9,18.438,0,0,0,0
2d2c62bef4c8ba0dd74e0e228e808539,16,9.9375,0.125,4.125,234.3125,0,0,0,0
2d42ebcda99fd55f6f4bc2f1ca035d50,11,9.272727272727273,0.0,4.0,83.77272727272727,0,0,0,0
2d50d6282f8aa2257819a77bfaa0efe0,43,13.30232558139535,0.13953488372093023,3.744186046511628,69.9646511627907,0,0,0,0
2d518637f53161b973e01f56ea4bb88e,13,13.307692307692308,0.0,4.923076923076923,93.8376923076923,0,0,0,0
2dcf93836ae3ce0d7c93e2f10876467a,12,5.916666666666667,0.16666666666666666,4.166666666666667,120.31666666666666,0,0,0,0
2dee2ce60de9709b1a24083217181a1f,55,13.963636363636363,0.03636363636363636,4.363636363636363,141.53636363636363,0,0,0,0
2e0dba2da448400b1c11d7b4b22f32a4,13,8.076923076923077,0.0,3.769230769230769,18.143846153846155,0,0,0,0
2e13c71026e1a39ba5cc1b86dcb679aa,28,9.714285714285714,0.07142857142857142,4.25,135.46428571428572,0,0,0,0
2e1a7d075abe038c1b2743005fe42ff1,22,14.363636363636363,0.2727272727272727,3.8181818181818183,62.127272727272725,1,0,0,1
2e1c9f22be269ef4643f826c9e650a52,167,9.281437125748504,0.0658682634730539,4.2395209580838324,72.0943113772455,0,0,0,0
2e3be8a987a30d7544dbbda6861cc14e,15,10.8,0.06666666666666667,3.6,164.85733333333334,0,0,0,0
2e90cb1677d35cfe24eef47d441b7c87,137,11.64963503649635,0.12408759124087591,4.036496350364963,101.42124087591242,0,0,0,0
2eb70248d66e0e3ef83659f71b244378,197,17.436548223350254,0.14213197969543148,2.8426395939086295,195.84482233502538,0,1,0,1
2f4b0d3b9634b647d4edee577d7ebb7e,11,6.2727272727272725,0.0,4.909090909090909,30.718181818181815,0,0,0,0
2f74af7a0ee5636f12c2336f9fffed47,13,9.307692307692308,0.0,4.3076923076923075,43.130769230769225,0,0,0,0
2ff97219cb8622eaf3cd89b7d9c09824,94,8.287234042553191,0.06382978723404255,4.553191489361702,46.160638297872346,0,0,0,0
3078096983cf766a32a06257648502d1,61,11.62295081967213,0.04918032786885246,4.295081967213115,129.68590163934425,0,0,0,0
30829ded4523ab9224b93bc49a62c95f,31,10.129032258064516,0.03225806451612903,3.5806451612903225,222.9583870967742,0,0,0,0
3092c0b297aacfb4bb6e056ebe13b9b8,17,13.176470588235293,0.0,4.176470588235294,69.67,0,0,0,0
30a2f535bb48308f991d0b9ad4a8c4bb,87,8.05813953488372,0.034482758620689655,4.252873563218391,54.38275862068966,0,0,0,0
30a81d8cf85fb2ada1b1b094c9583a95,20,3.65,0.0,4.85,62.271,0,0,0,0
31344c16881c08a8a72c6d2eb29918c1,42,14.5,0.047619047619047616,4.428571428571429,222.99523809523808,0,0,0,0
31561f325664a8a7aba4c8d0c3a9b3db,38,6.7894736842105265,0.02631578947368421,4.578947368421052,71.11026315789474,0,0,0,0
318f287a62ab7ac10b703ac37435a231,61,11.721311475409836,0.11475409836065574,3.918032786885246,39.87672131147541,0,0,0,0
31ae0774c17fabd06ff707cc5bde005f,11,11.454545454545455,0.09090909090909091,4.0,608.0781818181819,0,0,0,0
31da954dc0855f2495c6310f70a2f931,30,7.666666666666667,0.1,4.233333333333333,152.76666666666668,0,0,0,0
323ce52b5b81df2cd804b017b7f09aa7,29,15.931034482758621,0.1724137931034483,4.448275862068965,81.87241379310345,0,0,0,0
325f3178fb58e2a9778334621eecdbf9,46,5.717391304347826,0.0,4.456521739130435,21.460652173913044,0,0,0,0
32b8764b4ef628b53608fc34011fcc13,38,10.868421052631579,0.07894736842105263,4.2368421052631575,233.78947368421052,0,0,0,0
3340ef1913fb70d28420f6ceb685c339,42,12.071428571428571,0.09523809523809523,4.333333333333333,160.2654761904762,0,0,0,0
334cab711dee080b079fa5779b584783,26,6.423076923076923,0.0,4.961538461538462,42.12115384615385,0,0,0,0
33576ec5412fb5905d876f12f33bfde6,32,14.1875,0.03125,4.125,84.9375,0,0,0,0
3361277dc30b7cccdb0c286b24219756,42,13.357142857142858,0.11904761904761904,4.214285714285714,92.97738095238095,0,0,0,0
33a17d60c64393351ebf1ef860f4e0f2,47,10.127659574468085,0.02127659574468085,4.617021276595745,173.45702127659575,0,0,0,0
33a6f4b1e7cdc205511e76ba1b6e0186,126,8.031746031746032,0.015873015873015872,4.357142857142857,81.70642857142857,0,0,0,0
33ac3e28642ab8bda860a2f693000e78,35,8.17142857142857,0.0,4.228571428571429,104.60085714285715,0,0,0,0
33c51922b6e3c16b24a8f28e5833c99d,20,14.25,0.05,4.35,331.5435,0,0,0,0
33cbbec1e7e1044aaf11d152172c776f,16,7.6875,0.0,4.6875,45.666875,0,0,0,0
33d677f27a69b84051204ee4ae76eaca,10,8.9,0.0,4.6,16.5,0,0,0,0
34056b8b55c1775a22af2331670a799c,77,12.363636363636363,0.11688311688311688,4.038961038961039,83.1,0,0,0,0
343e716476e3748b069f980efbaa294e,24,15.347826086956522,0.041666666666666664,4.041666666666667,38.44166666666666,0,0,0,0
3481aa57cd91f9f9d3fa1fa12d9a3bf7,25,9.76,0.0,3.88,70.9212,0,0,0,0
34d1ca11b242c0fee2c834ae8d788566,41,12.634146341463415,0.0,4.317073170731708,327.3717073170732,0,0,0,0
3504c0cb71d7fa48d967e0e4c94d59d9,53,6.943396226415095,0.0,4.415094339622642,44.338490566037734,0,0,0,0
3586b8580d9c917874e053a1bb37b5ff,43,13.488372093023257,0.046511627906976744,4.441860465116279,35.45813953488372,0,0,0,0
36890be00bbfc1cdb9a4a38a6af05a69,13,8.923076923076923,0.23076923076923078,4.230769230769231,104.71538461538461,1,0,0,1
36a968b544695394e4e9d7572688598f,156,10.237179487179487,0.04487179487179487,3.7243589743589745,44.21217948717949,0,0,0,0
373ee4a3a775a733770ca3f790b8b9ac,22,10.090909090909092,0.09090909090909091,4.0,97.34045454545453,0,0,0,0
37515688008a7a40ac93e3b2e4ab203f,239,14.489539748953975,0.100418410041841,4.100418410041841,24.912552301255232,0,0,0,0
376a891762bbdecbc02b4b6adec3fdda,58,11.706896551724139,0.034482758620689655,4.672413793103448,110.45224137931034,0,0,0,0
3771c85bac139d2344864ede5d9341e3,30,12.3,0.16666666666666666,3.566666666666667,47.776666666666664,0,0,0,0
3785b653b1b82de85ab47dd139938091,24,10.958333333333334,0.0,4.75,64.66666666666667,0,0,0,0
37be5a7c751166fbc5f8ccba4119e043,278,10.129496402877697,0.025179856115107913,4.33453237410072,196.8904676258993,0,0,0,0
38102b031c2a15e54623d711bfc753d3,10,21.1,0.0,3.9,41.8,0,0,1,1
381c83fdca332ea6afd896da20bf6e4a,46,12.26086956521739,0.043478260869565216,4.391304347826087,157.88695652173914,0,0,0,0
382229d1e840115ffe3dbf5ff460e417,48,8.520833333333334,0.10416666666666667,4.3125,84.10541666666667,0,0,0,0
38e679b9e0064cd94c6f035707344dae,28,10.75,0.03571428571428571,4.178571428571429,130.1482142857143,0,0,0,0
38e6dada03429a47197d5d584d793b41,12,12.416666666666666,0.4166666666666667,3.3333333333333335,50.22833333333333,1,0,0,1
391fc6631aebcf3004804e51b40bcf1e,605,13.659504132231405,0.09586776859504133,3.986776859504132,65.24842975206612,0,0,0,0
392353362d22cc2c236e1ee81ff19890,10,7.7,0.0,4.6,28.971999999999998,0,0,0,0
392e0502231ae2f8b29994ef6398cd77,17,16.705882352941178,0.11764705882352941,4.352941176470588,92.52352941176471,0,0,0,0
3935fe5fe0f82787a9dcb8deb62be09d,17,10.470588235294118,0.11764705882352941,3.9411764705882355,98.92294117647059,0,0,0,0
3968920b9aa752ab98f7d5888c9252f2,10,8.1,0.1,4.1,52.33,0,0,0,0
3969863bb8af7f72580b3b1ffd3a17b3,13,9.384615384615385,0.0,4.0,47.934615384615384,0,0,0,0
39c763cca83e654764b7a4a650fb9b7c,11,13.0,0.18181818181818182,3.8181818181818183,69.18181818181819,0,0,0,0
39d54ff918774174706fb065d7f9dc07,24,14.166666666666666,0.125,3.9166666666666665,64.77875,0,0,0,0
39d61be7a92eb77b7da367bd4845bc0e,14,10.214285714285714,0.0,4.214285714285714,50.042142857142856,0,0,0,0
3a1a1fec38dd360f15fc912e821e169d,15,14.133333333333333,0.26666666666666666,3.8666666666666667,133.82533333333333,1,0,0,1
3a734b715d333a2588a3d54a0c9b8746,21,11.19047619047619,0.047619047619047616,4.666666666666667,101.0247619047619,0,0,0,0
3ab971ce71839580d2ae5b4e40fe8044,37,6.351351351351352,0.08108108108108109,3.918918918918919,132.8918918918919,0,0,0,0
3ade81dab5a172b88e1871c28ae05260,30,13.2,0.13333333333333333,4.266666666666667,179.45333333333335,0,0,0,0
3b15288545f8928d3e65a8f949a28291,118,14.535714285714286,0.06779661016949153,3.957627118644068,116.65101694915253,0,0,0,0
3b872fd4747f01cc56206f2934198618,27,14.0,0.14814814814814814,3.888888888888889,100.99037037037039,0,0,0,0
3bb548e3cb7f70f28e3f11ee9dce0e59,53,10.245283018867925,0.0,3.981132075471698,145.09471698113208,0,0,0,0
3bdff180c7e1f6551a643b99c265a120,58,9.827586206896552,0.06896551724137931,4.189655172413793,51.86551724137931,0,0,0,0
3be634553519fb6536a03e1358e9fdc7,95,9.326315789473684,0.08421052631578947,3.9894736842105263,55.06336842105264,0,0,0,0
3c010235b7345c92f125d14ee232a76b,15,10.533333333333333,0.0,4.666666666666667,238.53333333333333,0,0,0,0
3c03b12bab54d8b37d79d914bfdb1aa0,43,13.093023255813954,0.16279069767441862,3.9069767441860463,98.51953488372094,0,0,0,0
3c487ae8f8d7542beff5788e2e0aea83,33,13.090909090909092,0.030303030303030304,3.909090909090909,284.4151515151515,0,0,0,0
3c4e0452bff7a2a788179488d3d77032,36,12.527777777777779,0.027777777777777776,3.7777777777777777,104.06666666666666,0,0,0,0
3c7c4a49ec3c6550809089c6a2ca9370,158,9.164556962025317,0.08227848101265822,3.7341772151898733,25.33386075949367,0,0,0,0
3ca08eeb8d5595949fed424bd3677742,13,9.846153846153847,0.0,4.6923076923076925,129.91384615384615,0,0,0,0
3d0cd21d41671c46f82cd11176bf7277,11,12.454545454545455,0.0,4.7272727272727275,40.709090909090904,0,0,0,0
3d2531eccfbde1d7c8db7a3a12fb267a,10,9.6,0.0,4.3,199.954,0,0,0,0
3d5d0dc7073a299e31fa718ce1bc00b6,22,7.863636363636363,0.13636363636363635,4.2727272727272725,30.672727272727272,0,0,0,0
3d871de0142ce09b7081e2b9d1733cb1,1131,12.84792219274978,0.0592396109637489,4.159151193633952,82.58832891246684,0,0,0,0
3d8fa2f5b647373c8620330c4e077a9f,47,8.872340425531915,0.02127659574468085,4.25531914893617,74.50510638297872,0,0,0,0
3db66a856d18a9cba7c9241fc5221c50,97,15.360824742268042,0.1134020618556701,4.195876288659794,97.71443298969074,0,0,0,0
3dbbce181edfaa4a597ec858c382d2ec,20,13.8,0.1,4.35,42.415,0,0,0,0
3df020b72d3d44b3af9d110fa3940b65,101,12.346534653465346,0.1188118811881188,3.9504950495049505,49.9,0,0,0,0
3f0e48d209018b466fcd3bb4ccfeb520,10,9.3,0.0,3.9,539.9,0,0,0,0
3f3486b61f45078d4f31ee5e43d8c5bb,39,13.333333333333334,0.15384615384615385,4.333333333333333,96.65974358974358,0,0,0,0
3f8034bfc6b8b4135534975d49f04c63,14,10.142857142857142,0.0,3.357142857142857,90.99285714285715,0,0,0,0
3f995f07c49d0d55a99d5c54957f7d81,43,9.116279069767442,0.023255813953488372,4.209302325581396,91.99302325581395,0,0,0,0
3fac58ce0ad699020c7944d53c41329c,16,3.5,0.1875,4.5625,77.809375,0,0,0,0
3fd1e727ba94cfe122d165e176ce7967,36,15.166666666666666,0.19444444444444445,3.9722222222222223,76.31666666666666,0,0,0,0
402916f742e5c740cc751493d9cf5053,10,5.9,0.0,4.7,125.2,0,0,0,0
403aa86912527d730337ffcb0fb096ab,11,10.636363636363637,0.0,4.090909090909091,439.72,0,0,0,0
404e1ba01358af4cd63f679b2c4d1fa1,12,7.166666666666667,0.0,5.0,31.15833333333333,0,0,0,0
406740ee611378a662d274c7d8c43c4a,10,15.7,0.2,4.1,179.0,0,0,0,0
406822777a0b9eb5c50e442dd4cd3ec5,46,13.108695652173912,0.13043478260869565,4.369565217391305,77.13239130434783,0,0,0,0
40d54b51e962dbe09cabbcfd33298dee,31,6.709677419354839,0.0,3.903225806451613,218.88903225806453,0,0,0,0
40db9e9aa57f7bb151bcda6b0f9bdbb7,12,14.416666666666666,0.08333333333333333,2.5833333333333335,889.0,0,1,0,1
411f3b52d857390502ee4e4d5ceabc2d,30,8.2,0.2,4.333333333333333,60.13366666666666,0,0,0,0
412a4720f3e9431b4afa1476a1acddbe,22,9.045454545454545,0.045454545454545456,4.2727272727272725,93.55,0,0,0,0
41ab63a91b8b264e8c8780368bf1dd5b,13,17.307692307692307,0.0,4.230769230769231,197.84230769230768,0,0,0,0
41b14765bd56c8ad10971074380f9c0c,10,6.6,0.0,4.1,39.55,0,0,0,0
41b39e28db005d9731d9d485a83b4c38,223,11.73542600896861,0.05829596412556054,4.246636771300448,73.12565022421525,0,0,0,0
41b86b552e54e3a7009596125aa8b167,11,15.090909090909092,0.0,4.363636363636363,145.02727272727273,0,0,0,0
41c2bad7229b0c25e6becf179ebf63ff,23,4.304347826086956,0.0,4.956521739130435,34.0,0,0,0,0
41da412d33e8da4f22baf55cb1bde82c,21,8.80952380952381,0.0,4.714285714285714,41.09047619047619,0,0,0,0
4200ddf1967c5e41e48db62bc6d4b5ac,42,8.571428571428571,0.023809523809523808,4.333333333333333,17.495238095238093,0,0,0,0
42b729f859728f5079499127a9c2ef37,131,7.458015267175573,0.09923664122137404,4.374045801526718,31.274503816793892,0,0,0,0
42bde9fef835393bb8a8849cb6b7f245,39,9.41025641025641,0.02564102564102564,4.282051282051282,194.2051282051282,0,0,0,0
42ef3192a9ff87a22d1867b74b3ee205,23,8.91304347826087,0.0,4.6521739130434785,58.87347826086957,0,0,0,0
42fa4ee7240e9b8eb4576358ec142ba7,22,6.454545454545454,0.0,4.818181818181818,174.80454545454543,0,0,0,0
430315b7bb4b6e4b3c978f9dfa9b0558,20,14.0,0.05,4.0,143.22,0,0,0,0
4305fe92735c8a43d154ff6dd2b8d927,19,10.947368421052632,0.0,4.105263157894737,137.16315789473683,0,0,0,0
431050a06a317f2b38168dec3dcd2b46,10,8.5,0.0,4.5,137.0,0,0,0,0
431af27f296bc6519d890aa5a05fdb11,124,16.274193548387096,0.1532258064516129,3.806451612903226,104.63387096774194,0,0,0,0
4324dd16853115efb0fd9d0d131ba6f4,18,12.5,0.05555555555555555,4.277777777777778,58.458333333333336,0,0,0,0
432c37c9dfba871172ec162e20118b8c,55,15.145454545454545,0.14545454545454545,4.290909090909091,48.72490909090909,0,0,0,0
4371b634e0efc0e22b09b52907d9d469,111,10.315315315315315,0.07207207207207207,4.441441441441442,73.58558558558559,0,0,0,0
439a47cc365d6e3bd526812ea9de3c29,13,8.0,0.15384615384615385,4.0,91.26923076923077,0,0,0,0
43f8c9950d11ecd03a0304a49e010da6,41,10.951219512195122,0.07317073170731707,4.560975609756097,103.64853658536586,0,0,0,0
44073f8b7e41514de3b7815dd0237f4f,151,12.741721854304636,0.046357615894039736,3.7549668874172184,121.72609271523179,0,0,0,0
440dd6ab244315c632130ecfb63827b1,92,15.847826086956522,0.13043478260869565,3.891304347826087,142.29326086956522,0,0,0,0
45213867cefbf2cd4c6177e10216a951,14,14.285714285714286,0.14285714285714285,3.857142857142857,353.9585714285714,0,0,0,0
4559697a8f7e637227c2eeaed843baff,39,12.384615384615385,0.07692307692307693,4.205128205128205,89.3923076923077,0,0,0,0
457fe919b032a3f7dadba6fb92cf7855,12,5.333333333333333,0.16666666666666666,4.833333333333333,92.07416666666667,0,0,0,0
45ba18c210d42734ec52c0c1c574e9ee,38,6.684210526315789,0.05263157894736842,4.052631578947368,134.1957894736842,0,0,0,0
45d33f715e24d15a6ccf5c17b3a23e3c,58,10.89655172413793,0.06896551724137931,4.172413793103448,77.90672413793104,0,0,0,0
4677a5437afda5fa7140b927b07be1cc,11,12.181818181818182,0.09090909090909091,4.363636363636363,237.79090909090908,0,0,0,0
46dc3b2cc0980fb8ec44634e21d2718e,523,11.302681992337165,0.06309751434034416,4.273422562141492,229.0008030592734,0,0,0,0
4736e9d642ef4257cd7622516931eb51,20,4.5,0.0,4.15,53.94349999999999,0,0,0,0
47efca563408aae19bb7206c2d969ea9,11,13.272727272727273,0.0,4.363636363636363,216.63636363636363,0,0,0,0
48162d548f5b1b11b9d29d1e01f75a61,89,10.764044943820224,0.02247191011235955,3.8202247191011236,225.948202247191,0,0,0,0
4830e40640734fc1c52cd21127c341d4,212,9.523584905660377,0.0660377358490566,4.183962264150943,44.76650943396226,0,0,0,0
48436dade18ac8b2bce089ec2a041202,147,13.34013605442177,0.06802721088435375,4.129251700680272,80.41571428571429,0,0,0,0
4869f7a5dfa277a7dca6462dcf3b52b2,1148,14.494773519163763,0.11585365853658537,4.145470383275262,197.71336236933797,0,0,0,0
48efc9d94a9834137efd9ea76b065a38,34,10.588235294117647,0.0,5.0,10.739117647058823,0,0,0,0
49067458c68f7701fd334ce326accbe0,37,11.64864864864865,0.08108108108108109,3.324324324324324,28.314864864864862,0,0,0,0
4917cee8d902e13428c3ec4b1ca6f315,31,17.612903225806452,0.03225806451612903,4.161290322580645,164.64193548387095,0,0,0,0
49383af7ab774e4e8f3000f49c83dc4b,12,7.333333333333333,0.0,4.583333333333333,55.0,0,0,0,0
4978a02ea9c8be7a9b5480680f40334e,19,4.947368421052632,0.0,3.5789473684210527,124.0321052631579,0,0,0,0
4992e76a42cb3aad7a7047e0d3d7e729,73,7.8493150684931505,0.0684931506849315,3.8767123287671232,29.742465753424653,0,0,0,0
49e7217cfe4e427191c378ec626d8737,13,15.76923076923077,0.0,4.153846153846154,220.6769230769231,0,0,0,0
4a1f694197d05fe70026b016a7316b41,23,10.478260869565217,0.043478260869565216,4.391304347826087,39.46826086956521,0,0,0,0
4a3ca9315b744ce9f8e9374361493884,1949,13.792714212416623,0.10979989738327348,3.8419702411493075,101.01699332991278,0,0,0,0
4a3ccda38b2129705f3fb522db62ca31,73,12.684931506849315,0.0958904109589041,3.808219178082192,186.4560273972603,0,0,0,0
4aba391bc3b88717ce08eb11e44937b2,28,15.964285714285714,0.14285714285714285,4.0,260.2457142857143,0,0,0,0
4b0fdb526525f9890eb145bf1534640e,20,8.3,0.0,3.95,120.95,0,0,0,0
4b5f66b7adcf57f1ecc0d3c07dd6b177,38,12.921052631578947,0.02631578947368421,4.105263157894737,167.9415789473684,0,0,0,0
4b9750c8ad28220fe6702d4ecb7c898f,221,8.552036199095022,0.07692307692307693,4.352941176470588,71.56289592760182,0,0,0,0
4ba52dfeba874da5b9ee7b17c7494f04,11,10.0,0.09090909090909091,4.363636363636363,133.0,0,0,0,0
4be6b962d83299498bae2190f95d6566,12,6.833333333333333,0.08333333333333333,4.25,42.4,0,0,0,0
4bf2f4ee540798a61f9636d12cd9cc80,30,13.133333333333333,0.03333333333333333,4.166666666666667,166.5186666666667,0,0,0,0
4bfc7a4a1cf8d4d2121c27422d9e50b5,40,7.525,0.025,4.225,203.10999999999999,0,0,0,0
4c03b9dd4c11ee2cb35c96c49efc9420,48,10.020833333333334,0.020833333333333332,4.125,134.55416666666667,0,0,0,0
4c18691b6037662be2df78a765d98ab5,67,8.761194029850746,0.07462686567164178,3.8358208955223883,47.741940298507465,0,0,0,0
4c2b230173bb36f9b240f2b8ac11786e,343,12.241982507288629,0.09037900874635568,3.772594752186589,42.19991253644315,0,0,0,0
4c498c7345e89aebad651544829beca0,47,10.319148936170214,0.1276595744680851,4.276595744680851,97.23978723404257,0,0,0,0
4c8b8048e33af2bf94f2eb547746a916,23,17.391304347826086,0.13043478260869565,3.4782608695652173,81.84565217391305,0,0,0,0
4d6d651bd7684af3fffabd5f08d12e5a,389,12.58611825192802,0.04627249357326478,4.203084832904884,110.53727506426735,0,0,0,0
4da0e408c99d2fdc2126dc9fce518060,54,8.666666666666666,0.0,4.444444444444445,56.03703703703704,0,0,0,0
4de6e4ba574aa9dfdc824bc44dc47fdd,14,8.857142857142858,0.07142857142857142,4.071428571428571,32.31142857142857,0,0,0,0
4e06067cc08b3f41d837768d392c3ee3,46,9.0,0.043478260869565216,4.173913043478261,21.64217391304348,0,0,0,0
4e17c65a516f69d023a2ae78b84f28d6,74,13.35135135135135,0.10810810810810811,4.081081081081081,103.23324324324325,0,0,0,0
4e5725ba188db8252977a4f0227bd462,24,19.75,0.2916666666666667,3.5416666666666665,77.71208333333333,1,0,0,1
4e7c18b98d84e05cbae3ff0ff03846c2,88,11.579545454545455,0.045454545454545456,4.170454545454546,102.71477272727272,0,0,0,0
4e922959ae960d389249c378d1c939f5,446,14.119101123595506,0.10762331838565023,3.912556053811659,101.65565022421524,0,0,0,0
4ebdc7e6cd6102a022dadc49156d4ea8,32,9.71875,0.03125,3.75,29.099687499999998,0,0,0,0
5011f0d93373a4c5753adf58ca77af8d,21,14.666666666666666,0.19047619047619047,3.6666666666666665,40.929523809523815,0,0,0,0
503c1de08ae81a2d86f17951b204db55,22,13.0,0.09090909090909091,4.409090909090909,223.045,0,0,0,0
5058e8c1e82653974541e83690655b4a,77,24.857142857142858,0.12987012987012986,3.1298701298701297,127.43935064935064,0,0,1,1
5075aaa8404020ae6aa8bf4792099b41,15,11.866666666666667,0.0,4.133333333333334,104.85866666666668,0,0,0,0
508808d438fe2ff972ed13bb8f4a82e2,10,4.0,0.0,4.6,23.684,0,0,0,0
50c9975695009e5e6473912e83a6d1da,68,14.647058823529411,0.10294117647058823,4.0,58.631470588235295,0,0,0,0
512d298ac2a96d1931b6bd30aa21f61d,12,9.583333333333334,0.0,4.25,324.2558333333333,0,0,0,0
5160d23075764e18e07c1f4a87fad743,38,8.921052631578947,0.02631578947368421,4.447368421052632,62.078947368421055,0,0,0,0
516e7738bd8f735ac19a010ee5450d8d,82,8.317073170731707,0.04878048780487805,4.609756097560975,78.82158536585365,0,0,0,0
51702dc2a3e106c76dbff722b5bf0726,14,14.428571428571429,0.0,4.357142857142857,193.22142857142856,0,0,0,0
51e4e89242cbb846c2deff3dc015650e,16,8.75,0.0,4.625,51.411249999999995,0,0,0,0
520b493b57809f446cb0a233bb3e25c7,73,6.8493150684931505,0.0273972602739726,4.383561643835616,50.66986301369863,0,0,0,0
522620dcb18a6b31cd7bdf73665113a9,178,14.640449438202246,0.10112359550561797,3.932584269662921,306.519606741573,0,0,0,0
52562a9f449c3dc3d53f5f5b9ed74903,14,12.928571428571429,0.0,4.785714285714286,233.32857142857142,0,0,0,0
525e75a6fb1454a2325ab1734bcec221,10,6.0,0.0,4.0,60.717,0,0,0,0
527801b552d0077ffd170872eb49683b,92,12.521739130434783,0.09782608695652174,4.489130434782608,195.0304347826087,0,0,0,0
52d76513f0c4d97f3b99570e2c94ee31,28,11.357142857142858,0.03571428571428571,4.0,274.7214285714286,0,0,0,0
52f0fe436a347ddad7ed5f9aa4e27eaa,21,13.428571428571429,0.14285714285714285,3.4761904761904763,69.40428571428572,0,0,0,0
52f9db5cfb423382a2fa5c9e39303202,22,9.681818181818182,0.0,4.318181818181818,55.39909090909091,0,0,0,0
530ec6109d11eaaf87999465c6afee01,101,10.306930693069306,0.009900990099009901,4.316831683168317,125.56544554455446,0,0,0,0
53243585a1d6dc2643021fd1853d8905,400,12.865,0.04,4.1325,440.841525,0,0,0,0
5343d0649eca2a983820bfe93fc4d17e,110,10.809090909090909,0.09090909090909091,3.6636363636363636,89.26381818181818,0,0,0,0
537eb890efff034a88679788b647c564,171,8.67251461988304,0.05847953216374269,4.175438596491228,27.005263157894735,0,0,0,0
53b0300ca793f9834cd69c0678d35ee8,10,5.6,0.0,5.0,166.215,0,0,0,0
53d00c40e32aeb924a84ce72b1af869d,17,15.294117647058824,0.23529411764705882,4.352941176470588,127.40294117647058,1,0,0,1
53e4c6e0f4312d4d2107a8c9cddf45cd,512,11.24609375,0.052734375,4.083984375,57.78861328125,0,0,0,0
54065e9aef7e9e9c2dc23b7594db021a,12,11.833333333333334,0.0,4.333333333333333,507.4166666666667,0,0,0,0
542917da124346b47ea1ac79a93ce454,20,11.1,0.05,4.15,65.19500000000001,0,0,0,0
54583ab379489add547fe47b628db589,10,4.6,0.0,4.8,224.0,0,0,0,0
54965bbe3e4f07ae045b90b0b8541f52,81,23.530864197530864,0.32098765432098764,3.185185185185185,127.79876543209878,1,0,1,1
54a1852d1b8f10312c55e906355666ee,202,10.752475247524753,0.09900990099009901,4.371287128712871,84.4379207920792,0,0,0,0
54c04bdb5ec46762f8f08c7e8f86ed4a,19,14.210526315789474,0.10526315789473684,4.315789473684211,172.71894736842106,0,0,0,0
557f22c76691849db52d2abccf0015d0,13,13.692307692307692,0.0,3.4615384615384617,61.52846153846153,0,0,0,0
55a5b51f93f2b70ea513f5a047b0262a,41,13.268292682926829,0.07317073170731707,4.487804878048781,97.6170731707317,0,0,0,0
55bb6fe5bebe5012e2d7d9928e1128ff,16,16.0625,0.1875,3.5625,113.534375,0,0,0,0
55d3daac7c404d59e51c2aa2f4dc5a23,28,8.357142857142858,0.0,3.9285714285714284,160.02142857142857,0,0,0,0
55f7a3319d80f7fdf078b8f03e6725fe,22,6.318181818181818,0.09090909090909091,3.772727272727273,136.99,0,0,0,0
562f8cfc51f265411f487d07e9c40e7f,13,13.538461538461538,0.15384615384615385,4.538461538461538,58.99384615384616,0,0,0,0
562fc2f2c2863ab7e79a9e4388a58a14,265,10.784905660377358,0.033962264150943396,4.252830188679245,32.676415094339625,0,0,0,0
5656537e588803a555b8eb41f07a944b,185,10.978378378378379,0.07567567567567568,3.8216216216216217,42.871675675675675,0,0,0,0
56642bcb79900e777d68e91915cb4267,56,13.767857142857142,0.16071428571428573,3.767857142857143,65.315,0,0,0,0
5670f4db5b62c43d542e1b2d56b0cf7c,22,8.090909090909092,0.045454545454545456,4.409090909090909,301.47409090909093,0,0,0,0
56e361f411e38dcef17cdc2a3d99628b,10,11.5,0.1,4.5,129.8,0,0,0,0
575df70bde3f9f2b30bf8d2e9910d725,34,12.794117647058824,0.058823529411764705,4.117647058823529,159.28852941176473,0,0,0,0
57c764b4a836300be881e2ff86e449f9,29,15.068965517241379,0.13793103448275862,4.275862068965517,39.921379310344825,0,0,0,0
57e632711dec9ec14ca7546769483e7e,65,10.323076923076924,0.0,4.446153846153846,97.69323076923078,0,0,0,0
582d4f8675b945722eda7c0cb61ba4c7,71,10.126760563380282,0.014084507042253521,4.112676056338028,66.9549295774648,0,0,0,0
5882820ef11c4c068eea0677a7a879b4,14,14.428571428571429,0.07142857142857142,4.214285714285714,541.4642857142857,0,0,0,0
58f1a6197ed863543e0136bdedb3fce2,45,9.883720930232558,0.022222222222222223,4.155555555555556,151.84444444444443,0,0,0,0
59417c56835dd8e2e72f91f809cd4092,18,12.0,0.0,4.277777777777778,874.0,0,0,0,0
594f9aaa48e5bf431f011ddc5669b0d5,38,7.552631578947368,0.02631578947368421,4.578947368421052,85.49473684210527,0,0,0,0
596849622429351f47b32e6cae1055ff,13,4.769230769230769,0.0,4.153846153846154,82.29230769230769,0,0,0,0
59b22a78efb79a4797979612b885db36,133,11.8796992481203,0.12781954887218044,3.9774436090225564,199.28195488721803,0,0,0,0
59cd88080b93f3c18508673122d26169,12,13.25,0.25,4.75,32.69416666666667,1,0,0,1
59cea8e446d3834393058e7e0666b6fb,10,7.0,0.0,4.6,69.66,0,0,0,0
59fb871bf6f4522a87ba567b42dafecf,125,11.552,0.064,4.256,169.42880000000002,0,0,0,0
5a05a16bb50629ee31afab8a6d4c2674,15,6.6,0.06666666666666667,4.0,52.95333333333333,0,0,0,0
5a413ade68e8f8d93071a7f52a64cb9e,14,3.7142857142857144,0.14285714285714285,4.642857142857143,55.635714285714286,0,0,0,0
5a425cc503b39b262a847fd6212bf53b,14,6.285714285714286,0.07142857142857142,4.5,95.75714285714287,0,0,0,0
5a6a02f419701fc8c605af71d4fc57a4,11,4.636363636363637,0.09090909090909091,4.818181818181818,54.59090909090909,0,0,0,0
5a8e7d5003a1f221f9e1d6e411de7c23,179,10.016759776536313,0.061452513966480445,4.189944134078212,61.687709497206704,0,0,0,0
5a93f3ab0ef4c84ed5e1b5dbf23978bc,43,14.325581395348838,0.023255813953488372,4.813953488372093,53.50790697674419,0,0,0,0
5ab05b6d86d417796c69ffd6774ec832,12,12.083333333333334,0.08333333333333333,3.6666666666666665,157.17499999999998,0,0,0,0
5abb8ea023c77787f2c15da891c8d384,13,19.23076923076923,0.23076923076923078,3.923076923076923,172.3846153846154,1,0,0,1
5b07547f10dd980738a1a27f685af669,14,5.785714285714286,0.14285714285714285,4.5,81.04285714285716,0,0,0,0
5b0cc932433fa5184b5b94bfe6bcc256,17,11.235294117647058,0.23529411764705882,3.4705882352941178,84.5764705882353,1,0,0,1
5b179e9e8cc7ab6fd113a46ca584da81,36,12.194444444444445,0.08333333333333333,3.5555555555555554,143.70833333333334,0,0,0,0
5b2e94f2c22b39ccc24d34ad0f669672,10,9.7,0.1,4.9,94.978,0,0,0,0
5b33b527da3c5b969cc99dc435cad09a,17,12.294117647058824,0.058823529411764705,4.117647058823529,110.16411764705882,0,0,0,0
5b51032eddd242adc84c38acab88f23d,14,11.428571428571429,0.0,3.7857142857142856,234.28571428571428,0,0,0,0
5b581417df4480f632484ba681e53944,12,19.666666666666668,0.3333333333333333,3.5,136.79999999999998,1,0,0,1
5b664594895aefb418afaee6d40a9a23,22,10.045454545454545,0.0,3.6363636363636362,45.85454545454545,0,0,0,0
5b67882648febfb6e1225e6ad7164f6b,30,11.766666666666667,0.03333333333333333,4.033333333333333,200.11633333333333,0,0,0,0
5b8154610ebb21fb90eb587365e673df,40,12.75,0.15,4.175,226.20125000000002,0,0,0,0
5b85809efd0d0e4dea1a9544e1280ed9,14,6.928571428571429,0.0,4.357142857142857,128.9,0,0,0,0
5b925e1d006e9476d738aa200751b73b,63,10.238095238095237,0.06349206349206349,4.603174603174603,122.9920634920635,0,0,0,0
5bc24d989e71e93c33e50a7782431b0e,17,8.764705882352942,0.0,4.352941176470588,185.1764705882353,0,0,0,0
5bc55dbe2f12b6af6d83ed46023e0dc8,21,12.523809523809524,0.19047619047619047,2.3333333333333335,142.48095238095237,0,1,0,1
5bffbafbb22daf6d3bfc216a46db8708,23,8.08695652173913,0.0,4.695652173913044,216.94434782608695,0,0,0,0
5c030029b5916fed0986310385ec9009,10,4.8,0.0,4.9,390.44,0,0,0,0
5c243662ce92d84573bfaff24c3e3700,100,10.27,0.03,4.14,328.62020000000007,0,0,0,0
5c3460cd3e8a984382ae254e7dd20d9f,10,9.3,0.0,4.7,77.576,0,0,0,0
5c6d4016c2a288f074fa0848a2b653d2,34,10.676470588235293,0.08823529411764706,4.205882352941177,91.17647058823529,0,0,0,0
5c853bb56f70f4d14218944bae111d7a,24,8.125,0.0,4.041666666666667,11.719583333333333,0,0,0,0
5cbbd5a299cab112b7bf23862255e43e,38,10.342105263157896,0.0,4.315789473684211,71.73842105263158,0,0,0,0
5cf13accae3222c70a9cac40818ae839,155,10.148387096774194,0.03225806451612903,4.464516129032258,92.21483870967742,0,0,0,0
5d0363b33554b373851fc1622e4d5f3c,94,12.25531914893617,0.0851063829787234,4.085106382978723,69.66797872340426,0,0,0,0
5d3bb11474a06bdc23fb9e89f1164ee0,32,9.34375,0.03125,3.9375,114.20625,0,0,0,0
5d9dc90a686a8fddacffab6bab5653a3,12,8.166666666666666,0.08333333333333333,4.166666666666667,129.32833333333335,0,0,0,0
5dceca129747e92ff8ef7a997dc4f8ca,343,10.693877551020408,0.05830903790087463,4.029154518950437,304.54696793002915,0,0,0,0
5debea795b07621e1f90532e18f96145,33,9.818181818181818,0.0,4.2727272727272725,57.084242424242426,0,0,0,0
5ef131ac72773e5b3f6c0d63cf424657,11,5.818181818181818,0.0,3.8181818181818183,52.344545454545454,0,0,0,0
5f1dc28029d2c244352a68107ec2b542,78,8.85897435897436,0.07692307692307693,4.435897435897436,36.724102564102566,0,0,0,0
5f2684dab12e59f83bef73ae57724e45,73,9.616438356164384,0.0547945205479452,3.7534246575342465,121.52013698630138,0,0,0,0
5f26c1408a65b42a7224cd463bdf3292,10,6.1,0.0,4.8,113.97999999999999,0,0,0,0
5f3ae9136c875522250f8184f253413a,45,7.2,0.06666666666666667,4.5777777777777775,25.40111111111111,0,0,0,0
5f5b43b2bffa8656e4bc6efeb13cc649,29,13.517241379310345,0.034482758620689655,4.448275862068965,126.8,0,0,0,0
5f67c6082caacb26e431a7b17940cece,14,21.214285714285715,0.2857142857142857,3.5714285714285716,118.75714285714285,1,0,1,1
5f7300535881cef3b625fd683cf7d145,11,9.363636363636363,0.0,4.454545454545454,60.54363636363637,0,0,0,0
602044f2c16190c2c6e45eb35c2e21cb,55,15.345454545454546,0.23636363636363636,3.0,64.71218181818182,1,0,0,1
6039e27294dc75811c0d8a39069f52c0,74,17.41891891891892,0.25675675675675674,3.864864864864865,182.44324324324324,1,0,0,1
60562ab00b8054280520d390c8c0045c,17,9.764705882352942,0.0,4.764705882352941,173.11764705882354,0,0,0,0
6061155addc1e54b4cfb51c1c2a32ad8,33,5.393939393939394,0.030303030303030304,4.696969696969697,383.3454545454545,0,0,0,0
609e1a9a6c2539919b8205cf7c4e6ff0,130,9.892307692307693,0.023076923076923078,3.6846153846153844,50.86184615384615,0,0,0,0
610f72e407cdd7caaa2f8167b0163fd8,17,12.0,0.11764705882352941,3.7058823529411766,639.4882352941177,0,0,0,0
612170e34b97004b3ba37eae81836b4c,110,10.49090909090909,0.01818181818181818,4.427272727272728,202.07472727272727,0,0,0,0
615005a3ef192c00c6f0e977cee3d2bc,11,13.0,0.18181818181818182,3.909090909090909,26.045454545454547,0,0,0,0
620c87c171fb2a6dd6e8bb4dec959fc6,778,12.327763496143959,0.09511568123393316,4.280205655526992,144.55205655526993,0,0,0,0
624f4ece8da4aafb77699233d480f8ef,54,13.018518518518519,0.07407407407407407,4.185185185185185,167.5185185185185,0,0,0,0
6288c69c4ce638e59925e59193f98b16,20,9.05,0.05,4.25,209.84,0,0,0,0
62c50c1af4dfdc4149d25c5222043d39,17,13.0,0.0,3.4705882352941178,136.8135294117647,0,0,0,0
6338ea67c41078a46ad99cc009654956,44,12.659090909090908,0.0,4.636363636363637,52.39977272727273,0,0,0,0
634964b17796e64304cadf1ad3050fb7,323,13.780185758513932,0.09597523219814241,3.873065015479876,121.09628482972136,0,0,0,0
638cba8be1fb599bbb76fd6948351eb3,22,8.136363636363637,0.0,4.7272727272727275,24.336363636363636,0,0,0,0
63a79f5a7eb5cb48a7e5787b141c7993,11,5.909090909090909,0.0,4.545454545454546,74.10000000000001,0,0,0,0
63b464dbf392c7b80d12d932fa7cafed,38,12.81578947368421,0.05263157894736842,3.763157894736842,174.26315789473685,0,0,0,0
63ffcb71394dd8ea3872ed9ffda17c74,17,12.176470588235293,0.058823529411764705,3.176470588235294,23.470588235294116,0,0,0,0
640e21a7d01df7614a3b4923e990d40c,136,9.323529411764707,0.0661764705882353,4.286764705882353,55.35948529411765,0,0,0,0
6426d21aca402a131fc0a5d0960a3c90,23,10.434782608695652,0.043478260869565216,4.173913043478261,52.593043478260874,0,0,0,0
643214e62b870443ccbe55ab29a4dccf,66,9.045454545454545,0.13636363636363635,4.409090909090909,48.930454545454545,0,0,0,0
6481e96574816ead57975da2c0f6d80d,43,6.767441860465116,0.023255813953488372,4.1395348837209305,77.42046511627906,0,0,0,0
655220df33262c7e0c4949a147366f94,15,11.666666666666666,0.13333333333333333,4.2,149.66666666666666,0,0,0,0
6560211a19b47992c3666cc44a7e94c0,1996,9.02155388471178,0.06212424849699399,3.9579158316633265,60.47235971943888,0,0,0,0
6562efe88ce0826a4ca4f189f03b4b84,20,15.2,0.1,3.95,53.8,0,0,0,0
656591be56071d4c9ef4e5fee78a578a,11,13.909090909090908,0.2727272727272727,4.636363636363637,154.72727272727272,1,0,0,1
659e8466eb3ff1b0e8740d74fb7bbedd,14,9.285714285714286,0.0,4.5,106.2,0,0,0,0
65b081a070633e057c462abdd6fb9dd8,20,11.25,0.0,4.35,94.2545,0,0,0,0
65febd49fd28ec955651299159b1f527,38,6.605263157894737,0.05263157894736842,4.342105263157895,108.8607894736842,0,0,0,0
66922902710d126a0e7d26b0e3805106,155,10.916129032258064,0.07096774193548387,4.47741935483871,92.04709677419355,0,0,0,0
669ae81880e08f269a64487cfb287169,185,11.432432432432432,0.03783783783783784,4.1567567567567565,70.99389189189189,0,0,0,0
66dc1b1632bd6a3e508510c5b3492107,41,10.0,0.024390243902439025,3.4878048780487805,86.39487804878048,0,0,0,0
66e0557ecc2b4dbea057e93f215f68d8,30,30.066666666666666,0.26666666666666666,4.033333333333333,404.7,1,0,1,1
66fd84ee7528c0c0de85d0f44a73d5ab,21,13.904761904761905,0.047619047619047616,2.9047619047619047,68.48142857142857,0,1,0,1
670a9dda115b5a88b18cfadee8de2332,11,11.727272727272727,0.0,4.454545454545454,83.53636363636365,0,0,0,0
670c26e0f1bf8d0576271d5cfaec6d2b,86,12.63953488372093,0.046511627906976744,4.348837209302325,72.67558139534884,0,0,0,0
671585f5a2af58b6e276bc01003c0d2b,27,5.148148148148148,0.0,4.703703703703703,46.074074074074076,0,0,0,0
67883baaae6134ee81b271a542613728,19,5.368421052631579,0.15789473684210525,4.105263157894737,322.2631578947368,0,0,0,0
679769a98cfcc6da877c8486ff1c13f3,21,9.095238095238095,0.0,4.571428571428571,334.7142857142857,0,0,0,0
67bf6941ba2f1fa1d02c375766bc3e53,20,11.15,0.1,4.3,253.1,0,0,0,0
6806dad1da97bfb5a9038eac6881f706,14,12.785714285714286,0.07142857142857142,4.071428571428571,105.5,0,0,0,0
681fce914360217db47784ae28905a96,24,12.333333333333334,0.125,3.9166666666666665,171.97208333333333,0,0,0,0
6860153b69cc696d5dcfe1cdaaafcf62,84,9.69047619047619,0.08333333333333333,4.166666666666667,45.56702380952381,0,0,0,0
688756f717c462a206ad854c5027a64a,99,10.353535353535353,0.09090909090909091,3.8282828282828283,58.96636363636364,0,0,0,0
68f86ba270525243e68ae74044f992b9,11,10.0,0.09090909090909091,4.363636363636363,70.68181818181819,0,0,0,0
6973a06f484aacf400ece213dbf3d946,108,14.481481481481481,0.16666666666666666,3.6574074074074074,96.46962962962962,0,0,0,0
6a0cbc8af2e8abd1bdfb777943d174c6,34,15.058823529411764,0.08823529411764706,4.0588235294117645,111.41617647058824,0,0,0,0
6a38087bc8ad4f89ff453561005f6dea,22,11.636363636363637,0.0,4.409090909090909,83.33772727272728,0,0,0,0
6a51fc556dab5f766ced6fbc860bc613,31,14.709677419354838,0.06451612903225806,4.129032258064516,232.83451612903227,0,0,0,0
6a8a889bde935bafa76d7848782dfaf9,30,7.166666666666667,0.06666666666666667,3.933333333333333,28.694,0,0,0,0
6a8b085f816a1f75f92dbac6eb545f8f,133,12.857142857142858,0.09022556390977443,4.165413533834586,44.24187969924812,0,0,0,0
6aa3928696eab49a19a466e665a649fd,22,7.681818181818182,0.045454545454545456,4.545454545454546,94.31818181818181,0,0,0,0
6b15924333bd1a741595fe981ea04822,21,7.285714285714286,0.09523809523809523,4.666666666666667,29.25333333333333,0,0,0,0
6b243f80ed07b10f0e8aa0f21a205f3c,89,10.47191011235955,0.033707865168539325,4.022471910112359,70.33820224719102,0,0,0,0
6b333a05bf188ef3e1f1662a86bd9855,13,9.538461538461538,0.07692307692307693,4.384615384615385,290.83923076923077,0,0,0,0
6b3bd31ad8fcda4b2635ec9f3ff2ecdf,42,12.166666666666666,0.09523809523809523,3.9285714285714284,96.75952380952381,0,0,0,0
6b536a23086fba0d58c08d68814397f6,22,13.681818181818182,0.09090909090909091,4.045454545454546,90.76363636363637,0,0,0,0
6b803197e03abd5056b4313306b4f29d,12,4.25,0.0,4.833333333333333,33.916666666666664,0,0,0,0
6b90f847357d8981edd79a1eb1bf0acb,47,5.0212765957446805,0.0425531914893617,4.361702127659575,70.68255319148936,0,0,0,0
6bb0724edf0b62fb91ac404873a97241,18,13.61111111111111,0.16666666666666666,4.555555555555555,202.94444444444446,0,0,0,0
6bbcb8924baf70b7fe2fe2097e8cd407,11,11.0,0.0,4.545454545454546,216.5909090909091,0,0,0,0
6c12e40690c335dbc2f68a4134d30dc1,18,13.722222222222221,0.0,4.166666666666667,338.5111111111111,0,0,0,0
6c177e38df6d3f34182b1f1d427231bf,54,13.87037037037037,0.037037037037037035,4.148148148148148,150.23870370370372,0,0,0,0
6c7d50c24b3ccd2fd83b44d8bb34e073,126,11.634920634920634,0.015873015873015872,4.444444444444445,67.03142857142858,0,0,0,0
6cd68b3ed6d59aaa9fece558ad360c0a,157,9.961783439490446,0.01910828025477707,4.445859872611465,71.26477707006369,0,0,0,0
6d22a1fcebb6dd08c9cd90b92a93e8d0,13,15.384615384615385,0.0,4.3076923076923075,55.66923076923077,0,0,0,0
6d66611d7c44cc30ce351abc49a68421,174,11.632183908045977,0.06896551724137931,3.942528735632184,77.17586206896551,0,0,0,0
6d803cb79cc31c41c4c789a75933b3c7,66,12.454545454545455,0.06060606060606061,4.2727272727272725,131.9909090909091,0,0,0,0
6d988d6174a2c27441597174f8905515,23,18.73913043478261,0.08695652173913043,4.260869565217392,16.48608695652174,0,0,0,0
6ddc28b61be28373b4503a1f61cf98a9,11,6.363636363636363,0.09090909090909091,4.181818181818182,157.53636363636363,0,0,0,0
6df688df543f90e9b38f4319e75a9d88,55,7.7272727272727275,0.0,4.509090909090909,34.50836363636364,0,0,0,0
6e0908ef4d4efadbc3cc2b74ea477cb0,11,10.636363636363637,0.09090909090909091,4.090909090909091,53.58636363636364,0,0,0,0
6e1862e15f33d9994bc25922a85e1efc,12,3.25,0.0,4.666666666666667,55.7075,0,0,0,0
6e386f64c84e482f0b9abf960797ee1b,29,9.862068965517242,0.10344827586206896,4.620689655172414,420.7344827586207,0,0,0,0
6e864f5c4669eff3d98140a07cc50202,13,9.538461538461538,0.07692307692307693,4.461538461538462,56.96846153846154,0,0,0,0
6ec1a01e866584bb679eb9b098345919,31,14.290322580645162,0.22580645161290322,4.290322580645161,128.99709677419355,1,0,0,1
6edacfd9f9074789dad6d62ba7950b9c,216,8.550925925925926,0.05555555555555555,4.3842592592592595,60.030462962962964,0,0,0,0
6f229cc508fc6915ed5c499efd93baa4,14,8.714285714285714,0.14285714285714285,4.428571428571429,189.62857142857143,0,0,0,0
6f83d9e4da896daae20b9b6b2d3ff8d2,11,14.090909090909092,0.0,4.363636363636363,69.56272727272727,0,0,0,0
6f892e20a171e98efe17fdb971ff319b,50,16.12,0.08,3.92,120.98,0,0,0,0
6fc26fe110feebd80a433e1f012a84f9,72,10.958333333333334,0.06944444444444445,4.069444444444445,57.65097222222222,0,0,0,0
6fd52c528dcb38be2eea044946b811f8,84,20.583333333333332,0.10714285714285714,3.5357142857142856,92.17880952380952,0,0,1,1
7008613ea464bad5cb9b83456e1e6a8f,152,13.631578947368421,0.039473684210526314,4.296052631578948,49.59671052631579,0,0,0,0
701938c450705b8ae65fc923b70f35c7,111,11.891891891891891,0.05405405405405406,3.765765765765766,107.02063063063062,0,0,0,0
7040e82f899a04d1b434b795a43b4617,223,9.77578475336323,0.08968609865470852,3.6053811659192827,41.42748878923767,0,0,0,0
70849ca4f400aaabb62cb7462a6f1428,12,10.333333333333334,0.16666666666666666,4.416666666666667,75.79833333333333,0,0,0,0
709e16e2b25c7474d980076c6bfc4806,80,10.0125,0.025,4.525,64.39874999999999,0,0,0,0
70a12e78e608ac31179aea7f8422044b,323,14.210526315789474,0.10835913312693499,3.801857585139319,92.766346749226,0,0,0,0
70b52a4cfc823994561b00bad161b4ed,10,12.0,0.0,4.5,58.5,0,0,0,0
70c27847eca8195c983ed7e798c56743,98,10.408163265306122,0.09183673469387756,4.204081632653061,123.24000000000001,0,0,0,0
70eea00b476a314817cefde4aad4f89a,112,12.866071428571429,0.07142857142857142,4.383928571428571,235.71205357142858,0,0,0,0
71039d19d4303bf9054d69e9a9236699,38,12.921052631578947,0.2631578947368421,3.6842105263157894,93.08421052631579,1,0,0,1
710e3548e02bc1d2831dfc4f1b5b14d4,137,13.824817518248175,0.043795620437956206,3.4744525547445257,162.76102189781022,0,0,0,0
712e6ed8aa4aa1fa65dab41fed5737e4,85,20.858823529411765,0.21176470588235294,3.4823529411764707,463.3529411764706,1,0,1,1
7139dc5186aa238b006e066d8fbab2e4,24,12.625,0.125,4.125,71.33333333333333,0,0,0,0
7142540dd4c91e2237acb7e911c4eba2,328,14.088414634146341,0.07926829268292683,4.060975609756097,113.35957317073172,0,0,0,0
715bbd5ba4e6b74cb0d2f29eb45058b0,64,11.5,0.078125,4.46875,63.1765625,0,0,0,0
7178f9f4dd81dcef02f62acdf8151e01,215,15.13953488372093,0.046511627906976744,4.051162790697674,150.4906511627907,0,0,0,0
718539d38d07dd351c76db862760e2e2,43,7.534883720930233,0.0,4.488372093023256,29.604883720930232,0,0,0,0
7202e2ba20579a9bd1acb29e61fe71f6,53,12.754716981132075,0.05660377358490566,3.9622641509433962,228.03207547169808,0,0,0,0
7210cd29727d674c00741e5e387b3ccd,13,4.076923076923077,0.3076923076923077,3.6923076923076925,56.083846153846146,1,0,0,1
7238a95bb63ef7e498389fb863b834a1,15,7.6,0.06666666666666667,4.733333333333333,151.04666666666665,0,0,0,0
723cd880edaacdb998898b67c8f9da30,12,9.25,0.08333333333333333,4.166666666666667,178.04416666666665,0,0,0,0
725c32fa80c2faacc4fc88450d27314e,93,9.064516129032258,0.010752688172043012,4.548387096774194,84.28903225806452,0,0,0,0
7299e27ed73d2ad986de7f7c77d919fa,358,10.653631284916202,0.04748603351955307,4.430167597765363,93.61837988826815,0,0,0,0
729b2d09b2a0bdab221076327f13d050,60,11.783333333333333,0.06666666666666667,4.583333333333333,30.086833333333335,0,0,0,0
729f06993dac8e860d4f02d7088ca48a,113,10.283185840707965,0.09734513274336283,4.336283185840708,175.97504424778762,0,0,0,0
72bc2cce903c872fe376a8faaa81d237,18,8.333333333333334,0.0,4.444444444444445,119.39999999999999,0,0,0,0
72c5da29406b4234927b81855e7b64f6,31,10.258064516129032,0.03225806451612903,4.129032258064516,367.3451612903226,0,0,0,0
730937bf88cb151eb2eb849f642fc213,26,6.730769230769231,0.038461538461538464,4.423076923076923,108.5076923076923,0,0,0,0
7357b52d27cbaa90f81a96cbc1279396,12,8.666666666666666,0.08333333333333333,4.333333333333333,110.66833333333334,0,0,0,0
73a63f72308aa20a46f4b1632018f196,35,10.857142857142858,0.0,4.3428571428571425,218.30857142857144,0,0,0,0
744dac408745240a2c2528fb1b6028f3,83,10.662650602409638,0.012048192771084338,4.554216867469879,268.83855421686746,0,0,0,0
750303a20e9c56b2a6bc45cdce0b897d,56,12.75,0.03571428571428571,4.339285714285714,140.64285714285714,0,0,0,0
751bdc4d83a466c7206cd42e8f426b03,68,10.661764705882353,0.014705882352941176,3.75,95.92588235294117,0,0,0,0
7586919161935337bf6b6d7ff5779648,18,14.555555555555555,0.1111111111111111,3.1666666666666665,92.70611111111111,0,0,0,0
75d34ebb1bd0bd7dde40dd507b8169c3,67,15.582089552238806,0.14925373134328357,3.985074626865672,188.90044776119402,0,0,0,0
75fbb52eda0cbc24f479d3b2fbfa8d3e,41,13.463414634146341,0.04878048780487805,4.487804878048781,26.687560975609756,0,0,0,0
7681ef142fd2c19048da7430856b5588,76,9.460526315789474,0.11842105263157894,4.184210526315789,410.2869736842105,0,0,0,0
768a86e36ad6aae3d03ee3c6433d61df,17,4.588235294117647,0.17647058823529413,4.647058823529412,34.5564705882353,0,0,0,0
768de2a4fc06aacecb9a586ccc30746a,13,14.384615384615385,0.0,4.384615384615385,34.05384615384615,0,0,0,0
76c47a299e4a8fe992316a85865acbe9,10,14.2,0.2,4.8,102.446,0,0,0,0
76d5af76d0271110f9af36c92573f765,155,11.012903225806452,0.08387096774193549,4.103225806451613,204.28832258064514,0,0,0,0
76d64c4aca3a7baf218bf93ef7fa768d,69,10.231884057971014,0.028985507246376812,4.130434782608695,245.09855072463768,0,0,0,0
76ea5315acb3f5f7ade3cd261faf922a,15,8.2,0.06666666666666667,4.266666666666667,72.47066666666666,0,0,0,0
7722b1df1b0e383e000397b2c11e3e19,144,8.13888888888889,0.027777777777777776,4.229166666666667,48.93472222222223,0,0,0,0
77530e9772f57a62c906e1c21538ab82,381,14.383202099737533,0.11548556430446194,4.081364829396326,119.88608923884514,0,0,0,0
77a515caa36327151d1cc6c32a9f00e1,26,9.23076923076923,0.11538461538461539,4.423076923076923,85.28423076923076,0,0,0,0
77e4abfd739aed9c46480f90f81c0eb4,18,9.61111111111111,0.0,4.777777777777778,207.61055555555555,0,0,0,0
77fccaae319668a8ab6cd0fd16aec48c,12,8.5,0.0,4.333333333333333,138.91666666666666,0,0,0,0
784ba75dd9d20200c4caed3d7a77141a,22,12.909090909090908,0.09090909090909091,3.8181818181818183,190.8390909090909,0,0,0,0
788e857f317e53de488d393e65a80f45,11,6.909090909090909,0.0,4.909090909090909,110.0,0,0,0,0
78c99c6dff4eeae5be99bf635ed21e3f,39,13.307692307692308,0.1282051282051282,4.333333333333333,52.27897435897436,0,0,0,0
7901646fdd36a55f564ffaf2dbccaaf7,27,9.37037037037037,0.14814814814814814,4.444444444444445,439.1511111111111,0,0,0,0
79ebd9a61bac3eaf882805ed4ecfa12a,140,14.82857142857143,0.05714285714285714,4.021428571428571,105.5935,0,0,0,0
79ed755314cfe6df0daef2c6cd3022cd,25,8.8,0.0,4.72,156.3,0,0,0,0
7a241947449cc45dbfda4f9d0798d9d0,66,12.212121212121213,0.06060606060606061,3.803030303030303,112.6640909090909,0,0,0,0
7a2d2949aea47fab95fd98d6c9f618b1,12,10.583333333333334,0.0,4.25,136.5825,0,0,0,0
7a425d299613df3e613bcf9d2eaf5c49,18,11.38888888888889,0.05555555555555555,4.111111111111111,67.71111111111111,0,0,0,0
7a67c85e85bb2ce8582c35f2203ad736,1155,10.462337662337662,0.05887445887445888,4.274458874458874,120.91661471861472,0,0,0,0
7aa4334be125fcdd2ba64b3180029f14,237,15.443037974683545,0.1350210970464135,4.084388185654008,67.56518987341772,0,0,0,0
7ad32824caee82087b3e2e5f33b1bf32,180,10.944444444444445,0.12777777777777777,3.8055555555555554,122.32277777777777,0,0,0,0
7ade73f1b9b4e965f9009a4c3a7e2c15,27,9.11111111111111,0.0,4.777777777777778,67.97407407407408,0,0,0,0
7b07b3c7487f0ea825fc6df75abd658b,96,8.625,0.041666666666666664,4.395833333333333,96.4528125,0,0,0,0
7b0df942f46435babab05d49b744b2c4,32,10.625,0.09375,4.40625,554.30125,0,0,0,0
7b1222c3624aa89b9558b50a2594188c,22,17.045454545454547,0.13636363636363635,4.454545454545454,459.2509090909091,0,0,0,0
7b7f91e98f8c6def45a1407923304402,14,13.142857142857142,0.07142857142857142,3.5,29.819285714285716,0,0,0,0
7bac63f6603d382cc8d0832eb6c100a8,19,14.31578947368421,0.15789473684210525,4.0,407.9973684210526,0,0,0,0
7c1fea10b5b006671d608b1d7c446ec4,14,15.714285714285714,0.07142857142857142,4.0,30.257142857142856,0,0,0,0
7c4618c82226628831613e95e9c22f44,13,10.615384615384615,0.15384615384615385,4.076923076923077,25.686923076923076,0,0,0,0
7c5b05cbdb5542049f38d90d7815b97d,23,7.3478260869565215,0.043478260869565216,4.565217391304348,43.21608695652174,0,0,0,0
7c67e1448b00f6e969d365cea6b010ab,1355,21.321033210332104,0.0959409594095941,3.360885608856089,137.690073800738,0,0,1,1
7d13fca15225358621be4086e1eb0964,571,15.001751313485114,0.1190893169877408,4.02276707530648,196.91099824868652,0,0,0,0
7d456afc660226829370f3173d14520c,89,8.640449438202246,0.056179775280898875,4.258426966292135,91.32820224719102,0,0,0,0
7d76b645482be4a332374e8223836592,183,12.78688524590164,0.1092896174863388,3.978142076502732,20.57781420765027,0,0,0,0
7dc8c42cc750eeafea6c85712ffee9bf,50,8.08,0.04,4.26,128.1936,0,0,0,0
7ddcbb64b5bc1ef36ca8c151f6ec77df,334,11.946107784431138,0.08383233532934131,3.9850299401197606,158.92739520958085,0,0,0,0
7e1fb0a3ebfb01ffb3a7dae98bf3238d,169,15.100591715976332,0.13609467455621302,4.165680473372781,154.84928994082838,0,0,0,0
7e26c750b4cb9f6766f58265ff9ebe95,27,9.0,0.0,4.407407407407407,49.788888888888884,0,0,0,0
7e3f87d16fb353f408d467e74fbd8014,93,11.96774193548387,0.11827956989247312,4.161290322580645,50.03322580645161,0,0,0,0
7e93a43ef30c4f03f38b393420bc753a,322,10.313664596273291,0.055900621118012424,4.366459627329193,467.87527950310556,0,0,0,0
7ea5bfa6c340f58f8e71fc1f0412b0d6,102,11.235294117647058,0.06862745098039216,4.147058823529412,106.25892156862744,0,0,0,0
7ecd59e5e20407131822c1a68ac59c1f,29,17.17241379310345,0.13793103448275862,4.482758620689655,50.576206896551724,0,0,0,0
7f152321c60a266edc53af1925ef96c1,20,20.85,0.3,3.8,195.99,1,0,1,1
7f2617c58d5d06806987308b45654351,23,11.73913043478261,0.08695652173913043,3.869565217391304,158.9913043478261,0,0,0,0
7f7b8245c336066a1f9933c359f11d77,43,7.395348837209302,0.023255813953488372,4.558139534883721,48.807441860465126,0,0,0,0
7fc87cc3e89b3d1d5cabdca32f8485aa,14,19.357142857142858,0.2857142857142857,3.5714285714285716,153.85,1,0,0,1
7fdb0720c8d7c9075538b365dc8c3a22,10,17.1,0.1,2.4,180.4,0,1,0,1
7ff588a03c2aeae4fbd23f9ae64b760d,16,4.5625,0.0,4.6875,73.8875,0,0,0,0
808d4348b916efa08e766ebad39f61eb,20,7.6,0.05,4.6,35.721500000000006,0,0,0,0
8090490573c6c0aa343a7231ebcb8c86,26,9.115384615384615,0.07692307692307693,4.1923076923076925,148.88923076923078,0,0,0,0
80e6699fe29150b372a0c8a1ebf7dcc8,98,11.010204081632653,0.04081632653061224,4.357142857142857,113.46591836734694,0,0,0,0
813348c996469b40f2e028d5429d3495,195,9.697435897435897,0.046153846153846156,4.02051282051282,55.454,0,0,0,0
81336a0f57a33776419727a300249e90,18,17.055555555555557,0.2222222222222222,3.8333333333333335,75.4388888888889,1,0,0,1
8160255418d5aaa7dbdc9f4c64ebda44,424,15.955188679245284,0.1792452830188679,3.8679245283018866,109.35941037735849,0,0,0,0
817245bcc3badd82bbd222e0366951a6,44,10.5,0.022727272727272728,4.2272727272727275,121.4909090909091,0,0,0,0
817f85dbb65aa3e70831d90fe75cdf89,11,17.636363636363637,0.0,4.545454545454546,141.11545454545455,0,0,0,0
81a1104df0f08b59c68aa5b03cfe398e,72,12.375,0.05555555555555555,4.333333333333333,127.91777777777777,0,0,0,0
81f89e42267213cb94da7ddc301651da,52,7.3076923076923075,0.0,3.5384615384615383,76.0576923076923,0,0,0,0
820cc752a266cdc6c1a1e61dd4583330,15,13.466666666666667,0.13333333333333333,4.133333333333334,186.85333333333332,0,0,0,0
821fb029fc6e495ca4f08a35d51e53a5,25,15.64,0.36,3.56,434.46479999999997,1,0,0,1
822166ed1e47908f7cfb49946d03c726,108,13.453703703703704,0.009259259259259259,3.9444444444444446,34.58175925925926,0,0,0,0
822bad9bc42b51213ba522fe87b7ab5d,18,22.61111111111111,0.2777777777777778,4.111111111111111,268.8888888888889,1,0,1,1
827f8f69dfa529c561901c4f2e0f332f,104,12.73076923076923,0.08653846153846154,4.269230769230769,32.77298076923077,0,0,0,0
82bd0703a4aefd6b599e5bfdaed378fb,23,11.652173913043478,0.043478260869565216,3.8260869565217392,104.09913043478262,0,0,0,0
82cb9f452fe8334df74b22d37824b431,18,8.666666666666666,0.0,4.722222222222222,46.56666666666667,0,0,0,0
82e0a475a88cc9595229d8029273f045,79,12.329113924050633,0.06329113924050633,3.4936708860759493,136.05088607594936,0,0,0,0
834f3294fba9f932f56edc879193f925,66,13.878787878787879,0.06060606060606061,4.545454545454546,604.6590909090909,0,0,0,0
834f8533b2ecb6598dd004ff3de7203a,45,14.666666666666666,0.17777777777777778,3.8444444444444446,96.09666666666665,0,0,0,0
835f0f7810c76831d6c7d24c7a646d4d,48,18.041666666666668,0.3125,3.3125,103.96250000000002,1,0,0,1
83645b1645cdee8953ee54c29ceed564,14,10.0,0.0,4.428571428571429,69.92142857142856,0,0,0,0
8378eb36b6b70c5734e83ad7b8cdc3b7,13,19.692307692307693,0.23076923076923078,3.769230769230769,131.90769230769232,1,0,0,1
83deb69e889cf80f82be1dc6d5f2d486,42,15.261904761904763,0.047619047619047616,4.357142857142857,127.6907142857143,0,0,0,0
83e197e95a1bbabc8c75e883ed016c47,54,10.074074074074074,0.018518518518518517,4.7407407407407405,121.74425925925927,0,0,0,0
8444e55c1f13cd5c179851e5ca5ebd00,102,20.431372549019606,0.10784313725490197,3.156862745098039,210.49960784313726,0,0,1,1
845e8036c3f7bf62099352f5ed910240,24,7.75,0.0,3.8333333333333335,66.025,0,0,0,0
8476243f92442881ddd5b578975cf115,12,16.5,0.08333333333333333,4.083333333333333,633.1666666666666,0,0,0,0
850913d59ce317156b00f3705f1c3edb,30,13.066666666666666,0.16666666666666666,3.5,72.76666666666667,0,0,0,0
850f4f8af5ea87287ac68de36e29107f,191,9.727748691099476,0.06282722513089005,4.303664921465969,236.31083769633508,0,0,0,0
851773c885feb5e2da3b4f82bc2b17ce,10,16.0,0.2,4.2,58.529999999999994,0,0,0,0
855668e0971d4dfd7bef1b6a4133b41b,311,15.440514469453376,0.1382636655948553,3.8456591639871385,98.73061093247588,0,0,0,0
8581055ce74af1daba164fdbd55a40de,427,12.190140845070422,0.09836065573770492,4.2669789227166275,149.90918032786885,0,0,0,0
85d9eb9ddc5d00ca9336a2219c97bb13,512,14.234375,0.03515625,4.21484375,29.506328125,0,0,0,0
8602a61d680a10a82cceeeda0d99ea3d,19,7.2631578947368425,0.05263157894736842,4.473684210526316,43.52578947368421,0,0,0,0
8603f0038fe0e52fedd3382d266723de,10,20.9,0.0,4.4,235.5,0,0,1,1
8629c241b3622ac12cd4118afdc8d394,13,14.692307692307692,0.07692307692307693,4.076923076923077,89.82000000000001,0,0,0,0
863d2ebcd347ce4922de7a0f9a5581d6,18,11.166666666666666,0.16666666666666666,4.111111111111111,72.90888888888888,0,0,0,0
8648b1e89e9b349e32d3741b30ec737e,100,8.66,0.1,4.11,72.2875,0,0,0,0
86bb7c4b535e49a541baf3266b1c95b1,16,16.9375,0.1875,3.3125,509.46875,0,0,0,0
86ccac0b835037332a596a33b6949ee1,208,11.399038461538462,0.028846153846153848,4.038461538461538,76.3675,0,0,0,0
870d0118f7a9d85960f29ad89d5d989a,61,14.327868852459016,0.04918032786885246,4.016393442622951,51.75737704918033,0,0,0,0
87142160b41353c4e5fca2360caf6f92,339,10.283185840707965,0.05604719764011799,4.3628318584070795,91.73737463126844,0,0,0,0
87b740daf17b5d1be335a64164ec6842,11,17.636363636363637,0.09090909090909091,3.727272727272727,880.9081818181818,0,0,0,0
87d30a6a0cbf89356e49324971ab1d24,17,10.764705882352942,0.058823529411764705,4.352941176470588,125.53705882352942,0,0,0,0
87d3c3aeb3ead335511b3ce315eb341e,15,6.133333333333334,0.06666666666666667,3.6,49.95666666666666,0,0,0,0
88460e8ebdecbfecb5f9601833981930,300,17.666666666666668,0.19666666666666666,3.37,103.79233333333333,0,0,0,0
888faa8bfb0b159c37de6d898b961c31,23,7.869565217391305,0.0,3.869565217391304,105.14347826086957,0,0,0,0
88cf19ec1fc2c58f161aee259d57142c,14,6.071428571428571,0.0,4.5,98.06928571428571,0,0,0,0
891071be6ba827b591264c90c2ae8a63,90,12.6,0.16666666666666666,3.8555555555555556,41.815,0,0,0,0
8931a84a914b3fe9b1ddaa4d704947ca,32,12.53125,0.15625,3.8125,145.884375,0,0,0,0
897060da8b9a21f655304d50fd935913,413,14.099273607748184,0.12106537530266344,3.4891041162227605,52.68820823244552,0,0,0,0
89a51f50b8095ea78d5768f34c13a76f,11,7.181818181818182,0.0,4.7272727272727275,61.559999999999995,0,0,0,0
89bc797e2e29667aa035d4368f9b7f92,19,14.473684210526315,0.15789473684210525,3.8947368421052633,20.65736842105263,0,0,0,0
89f69225956f951295ca4c7fb1266553,12,9.25,0.08333333333333333,4.333333333333333,86.77499999999999,0,0,0,0
8a130737016f838139d31878787a39c9,62,9.758064516129032,0.06451612903225806,4.354838709677419,68.09725806451613,0,0,0,0
8a2d12a90e92f012ce5226fc6592b653,18,8.833333333333334,0.0,4.611111111111111,88.59166666666667,0,0,0,0
8a32e327fe2c1b3511609d81aaf9f042,169,8.603550295857989,0.05917159763313609,3.9526627218934913,36.10130177514793,0,0,0,0
8a432f4e5b471f8da497d7dc517666e2,106,7.452830188679245,0.0660377358490566,4.216981132075472,71.27358490566037,0,0,0,0
8ab42aa58097fd4668d60cc648225d5f,26,10.692307692307692,0.0,4.153846153846154,100.64423076923077,0,0,0,0
8ae520247981aa06bc94abddf5f46d34,65,10.492307692307692,0.015384615384615385,4.446153846153846,251.09215384615385,0,0,0,0
8b2492b7ff4468839593fafeed55bad9,45,12.666666666666666,0.1111111111111111,3.888888888888889,81.40444444444444,0,0,0,0
8b28d096634035667e8263d57ba3368c,151,12.801324503311259,0.13245033112582782,3.9205298013245033,59.77019867549669,0,0,0,0
8b321bb669392f5163d04c59e235e066,1005,12.039800995024876,0.10248756218905472,4.025870646766169,17.22641791044776,0,0,0,0
8b8cfc8305aa441e4239358c9f6f2485,15,12.066666666666666,0.13333333333333333,4.2,708.0,0,0,0,0
8b9d6eec4a7eb7d0f9d579ce0b38324d,52,9.596153846153847,0.15384615384615385,4.115384615384615,79.99134615384615,0,0,0,0
8bb48dc19fccaa8613b6229bf7f452a2,95,10.76842105263158,0.021052631578947368,4.336842105263158,44.11284210526316,0,0,0,0
8bd0e3abda539b9479c4b44a691be1ec,12,22.083333333333332,0.3333333333333333,1.75,35.479166666666664,1,1,1,1
8bd0f31cf0a614c658f6763bd02dea69,35,9.542857142857143,0.02857142857142857,4.228571428571429,127.29542857142857,0,0,0,0
8bdd8e3fd58bafa48af76b2c5fd71974,10,10.0,0.1,4.9,213.583,0,0,0,0
8c16d1f32a54d92897cc437244442e1b,118,10.508474576271187,0.01694915254237288,4.338983050847458,47.81864406779661,0,0,0,0
8c5e007d7bd5693fa1386ffefbc99f6c,24,11.5,0.0,4.166666666666667,42.87958333333333,0,0,0,0
8ca1551acf9832a4cf467bbbac15851f,12,15.25,0.16666666666666666,3.6666666666666665,181.36666666666667,0,0,0,0
8cbac7e12637ed9cffa18c7875207478,81,13.049382716049383,0.04938271604938271,4.185185185185185,36.49358024691358,0,0,0,0
8cc6a0e5738e61a87b03c78b2ba9db4b,24,12.583333333333334,0.08333333333333333,4.416666666666667,513.75,0,0,0,0
8d46553a36e68f95350a200c12f8f2e2,11,16.818181818181817,0.0,4.090909090909091,60.0,0,0,0,0
8d79c8a04e42d722a75097ce5cbcf2ef,27,15.666666666666666,0.14814814814814814,4.592592592592593,97.32666666666667,0,0,0,0
8d899e15a5925f097cca50faa49b15e3,10,6.8,0.6,2.5,64.5,1,1,0,1
8d956fec2e4337affcb520f56fd8cbfd,227,8.832599118942731,0.09691629955947137,4.202643171806168,48.40616740088106,0,0,0,0
8daab2245ebdc277c51098d01c5ad8ef,16,9.5625,0.0625,4.625,100.286875,0,0,0,0
8e2b3afb420011ef0c88c9d5f11ea526,11,10.181818181818182,0.09090909090909091,4.2727272727272725,125.86363636363636,0,0,0,0
8e6cc767478edae941d9bd9eb778d77a,108,15.916666666666666,0.07407407407407407,4.027777777777778,55.06481481481482,0,0,0,0
8e6d7754bc7e0f22c96d255ebda59eba,129,13.271317829457365,0.12403100775193798,2.992248062015504,109.35953488372093,0,1,0,1
8e8a7ce9f2f970dc00e2acf6f6e199f6,64,11.8125,0.09375,4.0,137.828125,0,0,0,0
8ed8ea9a57c862f2c18c2fe41f601d56,19,8.263157894736842,0.0,4.473684210526316,201.67894736842106,0,0,0,0
8f119a0aee85c0c8fc534629734e94fd,81,9.481481481481481,0.06172839506172839,4.246913580246914,44.183703703703706,0,0,0,0
8f2ce03f928b567e3d56181ae20ae952,172,13.866279069767442,0.14534883720930233,4.122093023255814,123.33255813953488,0,0,0,0
8f54d64f28a993550aa7943f12572959,16,13.375,0.0625,3.8125,172.21875,0,0,0,0
8f78f0903005064036736c7173a5c2ed,21,17.952380952380953,0.047619047619047616,3.4761904761904763,100.65238095238094,0,0,0,0
8fdca8e349553f99bc738833a62c8802,29,9.793103448275861,0.034482758620689655,4.379310344827586,34.115172413793104,0,0,0,0
8ff1a9df749e454105c55cda13e79143,14,11.857142857142858,0.0,4.0,100.04285714285716,0,0,0,0
900ba814c251a692506d7834c1218441,86,12.081395348837209,0.13953488372093023,4.244186046511628,335.2677906976744,0,0,0,0
903037660cf848a717166eb7a06d616e,59,10.525423728813559,0.15254237288135594,3.8135593220338984,107.00338983050847,0,0,0,0
916748bc99315c2d202898ae58b1617e,32,9.875,0.0,4.34375,11.709687500000001,0,0,0,0
916c9de0b5ad957346eeeb12f332687e,27,7.7407407407407405,0.0,4.37037037037037,197.64814814814815,0,0,0,0
91f0eec23d4a61d7d7caeefa3f0ad1ca,11,21.636363636363637,0.2727272727272727,3.5454545454545454,199.16363636363639,1,0,1,1
91f848e9f4be368f4318775aac733370,70,9.8,0.02857142857142857,4.385714285714286,80.98014285714285,0,0,0,0
921323538c9f1c4e816f2720eac02bea,17,7.705882352941177,0.17647058823529413,4.0,82.46117647058824,0,0,0,0
92d14edfb62ee5ae7fdff70b0f4e7233,13,6.461538461538462,0.0,2.769230769230769,25.15,0,1,0,1
92eb0f42c21942b6552362b9b114707d,358,12.868715083798882,0.07541899441340782,3.963687150837989,17.927765363128493,0,0,0,0
93b9a99027bd8bd6af682aff18dd19bf,20,10.9,0.0,4.2,95.8,0,0,0,0
93dc87703c046b603023e75222018b45,34,15.882352941176471,0.08823529411764706,4.205882352941177,239.68676470588235,0,0,0,0
94144541854e298c2d976cb893b81343,76,11.828947368421053,0.039473684210526314,4.342105263157895,189.97605263157894,0,0,0,0
94e93ce877be27a515118dbfd2c2be41,34,12.794117647058824,0.0,4.0588235294117645,159.8994117647059,0,0,0,0
951e8cef368f09bb3f3d03c00ca4702c,69,8.681159420289855,0.08695652173913043,4.188405797101449,57.874057971014494,0,0,0,0
955fee9216a65b617aa5c0531780ce60,1472,10.22350543478261,0.08084239130434782,4.094429347826087,89.56298233695652,0,0,0,0
9596c870880d900012f2e8e6e30d06d7,23,13.08695652173913,0.043478260869565216,4.173913043478261,309.58478260869566,0,0,0,0
95e03ca3d4146e4011985981aeb959b9,190,11.368421052631579,0.031578947368421054,4.010526315789473,57.18505263157895,0,0,0,0
95ec4458365c4d11f452ccf538377619,31,5.290322580645161,0.03225806451612903,4.290322580645161,60.21806451612903,0,0,0,0
95f83f51203c626648c875dd41874c7f,65,10.692307692307692,0.046153846153846156,3.2153846153846155,47.34861538461539,0,0,0,0
960945e1a9535cbc0cd6ddd35fbe7ae8,29,5.586206896551724,0.0,4.655172413793103,116.61137931034483,0,0,0,0
9616352088dcf83a7c06637f4ebf1c80,97,11.969072164948454,0.0,4.288659793814433,58.17628865979381,0,0,0,0
9646c3513289980f17226a2fc4720dbd,76,12.06578947368421,0.07894736842105263,4.342105263157895,39.00526315789474,0,0,0,0
96493fab2fbb13a14d0c0e8772eef5c3,64,12.890625,0.0625,4.046875,296.390625,0,0,0,0
966cb4760537b1404caedd472cc610a5,67,9.522388059701493,0.029850746268656716,4.134328358208955,668.4223880597016,0,0,0,0
9674754b5a0cb32b638cec001178f799,95,7.589473684210526,0.031578947368421054,4.052631578947368,52.0182105263158,0,0,0,0
96804ea39d96eb908e7c3afdb671bb9e,39,12.948717948717949,0.02564102564102564,3.9743589743589745,91.2351282051282,0,0,0,0
968268a686aa05d1f529fb07dff08130,12,9.0,0.0,3.5,389.77416666666664,0,0,0,0
972d0f9cf61b499a4812cf0bfa3ad3c4,86,17.627906976744185,0.11627906976744186,3.011627906976744,91.98162790697674,0,0,0,0
973f21788dfab357250f69a8dcb7ddee,19,20.526315789473685,0.3684210526315789,2.473684210526316,43.525263157894734,1,1,1,1
974cf2cb8f4b7add98709c30df02fe10,30,10.7,0.03333333333333333,4.166666666666667,89.82333333333332,0,0,0,0
97512d3fc193b2d1dfcdba0f9d1f0f8a,13,7.538461538461538,0.07692307692307693,4.3076923076923075,112.22076923076924,0,0,0,0
977f9f63dd360c2a32ece2f93ad6d306,24,12.083333333333334,0.125,3.9166666666666665,113.75291666666668,0,0,0,0
9803a40e82e45418ab7fb84091af5231,18,15.277777777777779,0.0,3.111111111111111,148.22222222222223,0,0,0,0
980640c45d7a4635885491d077167e4d,14,7.142857142857143,0.07142857142857142,4.642857142857143,71.735,0,0,0,0
985c92cc412091f8529c12d7f23d3fef,12,7.0,0.08333333333333333,4.75,114.04166666666667,0,0,0,0
989becdce12ebc39863c2bceab6f3ca1,15,13.2,0.13333333333333333,4.8,358.1933333333333,0,0,0,0
98dac6635aee4995d501a3972e047414,190,8.010526315789473,0.04736842105263158,3.9,22.51642105263158,0,0,0,0
99002261c568a84cce14d43fcffb43ea,36,16.36111111111111,0.08333333333333333,3.7222222222222223,113.55555555555556,0,0,0,0
9906e7aa42a3c067b7c9a564d01c4320,16,15.125,0.125,4.0625,163.6875,0,0,0,0
994f04b3718c2bab35c2adfa8afecd2a,55,11.709090909090909,0.07272727272727272,4.327272727272727,59.81454545454546,0,0,0,0
99a54764c341d5dc80b4a8fac4eba3fb,66,6.651515151515151,0.22727272727272727,3.5303030303030303,54.474545454545456,1,0,0,1
99eaacc9e6046db1c82b163c5f84869f,67,14.522388059701493,0.1044776119402985,4.014925373134329,188.69074626865674,0,0,0,0
9a84ba99f5367fdbd4598363496f1ea2,15,9.933333333333334,0.0,3.8,148.22533333333334,0,0,0,0
9add47bf45ce8e8c7db6b9cf670b1e09,43,11.720930232558139,0.023255813953488372,4.27906976744186,107.12651162790699,0,0,0,0
9b00ed88b7fdb95d6ff76e27c1b52d16,50,8.5,0.06,4.58,31.3576,0,0,0,0
9b013e03b2ab786505a1d3b5c0756754,220,7.577272727272727,0.05454545454545454,4.086363636363636,39.64786363636364,0,0,0,0
9baf5cb77970f539089d09a38bcec5c3,32,14.25,0.0,4.4375,184.64656250000002,0,0,0,0
9bcdfa7b615b3abb9461d9e3ad9886ae,20,10.65,0.05,4.6,106.30350000000001,0,0,0,0
9c068d10aca38e85c50202e17b4a7e88,17,16.11764705882353,0.17647058823529413,4.176470588235294,156.40588235294118,0,0,0,0
9c0e69c7bf2619675bbadf47b43f655a,200,12.88,0.095,4.125,163.602,0,0,0,0
9c690ceacd5c66731bf443ea810195cb,12,6.833333333333333,0.0,4.416666666666667,72.65,0,0,0,0
9d39404483343dd55c7ae254494d8388,10,13.2,0.1,3.5,29.32,0,0,0,0
9d4db00d65d7760644ac0c14edb5fd86,99,7.656565656565657,0.04040404040404041,4.545454545454546,99.45161616161617,0,0,0,0
9d5604a1f112324ad6b2aa552122e0fb,17,11.588235294117647,0.0,3.6470588235294117,24.794117647058822,0,0,0,0
9d5a9018aee56acb367ba9c3f05d1d6a,78,13.91025641025641,0.01282051282051282,4.435897435897436,129.74333333333334,0,0,0,0
9d681c7e12db302cb261e721040dde65,14,8.5,0.0,4.928571428571429,56.114285714285714,0,0,0,0
9d7a1d34a5052409006425275ba1c2b4,16,12.625,0.0625,3.75,66.7125,0,0,0,0
9dd59e43f0c9f0553244e8f9c2fb247e,10,12.6,0.1,4.8,35.63,0,0,0,0
9dda5bbacd45e18d6485fee649205d09,22,14.227272727272727,0.09090909090909091,4.2272727272727275,86.93636363636364,0,0,0,0
9de4643a8dbde634fe55621059d92273,81,14.419753086419753,0.06172839506172839,4.530864197530864,216.79432098765432,0,0,0,0
9df5750209b83567ec144eb299d7d634,11,13.545454545454545,0.09090909090909091,4.0,430.45454545454544,0,0,0,0
9e6229250fedbe05838fef417b74e7fb,77,11.324675324675324,0.03896103896103896,3.896103896103896,168.34155844155845,0,0,0,0
9e6967d3cf386d284251784b18ccb485,11,7.363636363636363,0.09090909090909091,3.6363636363636362,47.060909090909085,0,0,0,0
9f50216bfd01913736a55a11b55ea842,19,10.052631578947368,0.21052631578947367,4.473684210526316,71.26315789473684,1,0,0,1
9f505651f4a6abe901a56cdc21508025,426,7.688679245283019,0.046948356807511735,4.312206572769953,60.8306103286385,0,0,0,0
a066df7361163e7ddc5d7452dd17448b,17,15.411764705882353,0.23529411764705882,4.470588235294118,63.42941176470588,1,0,0,1
a08692680c77d30a0b4280da5df01c5a,17,10.764705882352942,0.0,5.0,143.11764705882354,0,0,0,0
a1043bafd471dff536d0c462352beb48,752,13.063829787234043,0.05585106382978723,4.2486702127659575,132.06014627659573,0,0,0,0
a13580f0e8f782b7a543885a0ef99f08,10,24.6,0.2,4.4,130.49,0,0,1,1
a1474fd46fd3430168f7ec202da39408,14,15.142857142857142,0.14285714285714285,4.428571428571429,196.60714285714286,0,0,0,0
a17f621c590ea0fab3d5d883e1630ec6,78,11.217948717948717,0.0641025641025641,4.217948717948718,34.379230769230766,0,0,0,0
a23266650e7c84bb93fbbba502137478,16,10.125,0.0,3.25,94.525,0,0,0,0
a2b5b6105ea5942300631d2e76f4ffe0,16,7.9375,0.125,4.75,205.418125,0,0,0,0
a2deecd5398f5df4987110c80a1972a3,13,7.923076923076923,0.0,4.230769230769231,47.98538461538461,0,0,0,0
a2e874074c877c5a05abae80ad6e488f,42,18.714285714285715,0.047619047619047616,4.190476190476191,175.21571428571428,0,0,0,0
a2fa0bdc798ee84cdb08281337cf4fb6,11,19.363636363636363,0.0,4.818181818181818,32.26,0,0,0,0
a369d693961cb93b61ca2cc518872a85,18,9.666666666666666,0.0,4.111111111111111,144.27777777777777,0,0,0,0
a36b125ac6d5fdbc7f50de85c9157bdc,25,12.44,0.12,4.04,71.74600000000001,0,0,0,0
a3a38f4affed601eb87a97788c949667,260,11.75,0.046153846153846156,4.407692307692308,101.13315384615385,0,0,0,0
a3dd39f583bc80bd8c5901c95878921e,37,12.18918918918919,0.02702702702702703,4.594594594594595,124.53540540540541,0,0,0,0
a3e9a2c700480d9bb01fba070ba80a0e,143,12.62937062937063,0.0979020979020979,4.034965034965035,93.5090909090909,0,0,0,0
a3f0b55de503387383c7b1de3ad7f678,26,10.038461538461538,0.038461538461538464,4.384615384615385,167.24615384615387,0,0,0,0
a416b6a846a11724393025641d4edd5e,176,12.142045454545455,0.125,4.215909090909091,141.64909090909092,0,0,0,0
a420f60ff1aa9acc80d0e42959f2b313,69,10.72463768115942,0.08695652173913043,3.9565217391304346,102.87391304347827,0,0,0,0
a425f92c199eb576938df686728acd20,18,16.88888888888889,0.0,4.555555555555555,61.46111111111111,0,0,0,0
a44fb5a447105f8469bdf16bf9159f25,19,13.842105263157896,0.2631578947368421,4.052631578947368,184.42631578947368,1,0,0,1
a49928bcdf77c55c6d6e05e09a9b4ca5,104,16.384615384615383,0.25,2.9711538461538463,83.14326923076925,1,1,0,1
a5a1bfcf728ab0e19182959cf0771ee4,24,11.458333333333334,0.08333333333333333,4.291666666666667,75.54,0,0,0,0
a5cba26a62b8b4d0145b68b841e62e7f,54,12.796296296296296,0.018518518518518517,4.574074074074074,267.3859259259259,0,0,0,0
a673821011d0cec28146ea42f5ab767f,141,11.72340425531915,0.11347517730496454,3.978723404255319,94.79432624113475,0,0,0,0
a6bd7d1ccdac48c6b33b28596b7eb122,15,15.333333333333334,0.13333333333333333,3.6,761.1073333333334,0,0,0,0
a6fe7de3d16f6149ffe280349a8535a0,51,14.352941176470589,0.1568627450980392,4.078431372549019,55.78235294117647,0,0,0,0
a7f13822ceb966b076af67121f87b063,84,19.44047619047619,0.05952380952380952,3.511904761904762,143.0677380952381,0,0,0,0
a8739afb32aaa45e01815ca76f76f54b,15,8.933333333333334,0.06666666666666667,3.466666666666667,19.922,0,0,0,0
a888faf2d1baececa6baf9c3d603ee1f,54,17.38888888888889,0.14814814814814814,4.111111111111111,325.27407407407406,0,0,0,0
a938325a4b357fd23a6a4d5bb126408e,25,12.72,0.04,3.88,129.24,0,0,0,0
aac29b1b99776be73c3049939652091d,131,12.557251908396946,0.0916030534351145,4.030534351145038,50.1042748091603,0,0,0,0
aac51c486b672a9850d59f3e84b1cf88,13,4.538461538461538,0.0,4.769230769230769,56.02153846153846,0,0,0,0
aae3bfea055532c57fb453ed3ec80b30,50,11.98,0.0,3.58,61.1584,0,0,0,0
aaed1309374718fdd995ee4c58c9dfcd,111,11.702702702702704,0.02702702702702703,4.045045045045045,84.19324324324324,0,0,0,0
aafe36600ce604f205b86b5084d3d767,131,11.946564885496183,0.04580152671755725,4.3816793893129775,70.62137404580153,0,0,0,0
ab27bbbad5239bc31a34709275a70db4,11,7.181818181818182,0.0,5.0,34.809090909090905,0,0,0,0
aba1721a889e04decc910aa13b768ef4,92,8.804347826086957,0.10869565217391304,4.456521739130435,144.55760869565216,0,0,0,0
abc015ebac1d283a323ca9db35ede4b9,13,10.615384615384615,0.0,4.384615384615385,85.13846153846154,0,0,0,0
abcd2cb37d46c2c8fb1bf071c859fc5b,51,13.176470588235293,0.0392156862745098,4.313725490196078,94.45725490196078,0,0,0,0
abe42c5d03695b4257b5c6cbf4e6784e,49,13.408163265306122,0.16326530612244897,3.979591836734694,346.9387755102041,0,0,0,0
ac3508719a1d8f5b7614b798f70af136,101,8.930693069306932,0.0297029702970297,4.643564356435643,123.2291089108911,0,0,0,0
acadd4d36859671cb635527c6c977533,12,14.083333333333334,0.16666666666666666,4.25,198.58249999999998,0,0,0,0
acb6c2ca5c82411c1fdb88d5fd5eb95e,11,9.363636363636363,0.0,3.727272727272727,37.83363636363636,0,0,0,0
acce39e832338debb07b02385cde5967,44,6.636363636363637,0.0,4.4772727272727275,107.91136363636365,0,0,0,0
aced59e9b31ef866a94f9e7f29d8d418,67,9.194029850746269,0.07462686567164178,4.447761194029851,108.5544776119403,0,0,0,0
acf974e4d5950ad143a247471b831eb9,12,13.166666666666666,0.0,4.833333333333333,35.31666666666667,0,0,0,0
ad273c9eb54ecb4532de4bf75bae9e4e,11,11.545454545454545,0.0,3.8181818181818183,58.63636363636363,0,0,0,0
ad420dd0c4f92f8af951ac24b86d0cf5,46,10.978260869565217,0.06521739130434782,4.195652173913044,102.28891304347826,0,0,0,0
ad781527c93d00d89a11eecd9dcad7c1,38,23.526315789473685,0.3157894736842105,3.3421052631578947,158.93763157894736,1,0,1,1
ad97a199236354e53fcd91a5a913e9a2,17,14.823529411764707,0.11764705882352941,4.470588235294118,633.4,0,0,0,0
adbc26658d6c7b4b6219f9d934598091,92,16.119565217391305,0.15217391304347827,4.054347826086956,128.3304347826087,0,0,0,0
adcf50477d6a1f5d91bb9d54c4903cb5,31,24.0,0.16129032258064516,3.3548387096774195,31.886129032258065,0,0,1,1
ade45994b717ccee333492330fbf037b,10,7.7,0.0,4.5,719.6,0,0,0,0
ae45df84722b1d15c5f32b23a095746c,12,6.916666666666667,0.0,4.833333333333333,75.15249999999999,0,0,0,0
af3ef48d0e13835e529c29ac573c63e5,21,7.476190476190476,0.047619047619047616,3.761904761904762,66.93476190476191,0,0,0,0
af4a0e4cfe1d9c26b6712b1be25a72e5,26,12.384615384615385,0.07692307692307693,3.5,322.15384615384613,0,0,0,0
afa6714acee029b2dfdf357e5579cc03,17,12.176470588235293,0.11764705882352941,4.0588235294117645,189.4564705882353,0,0,0,0
afe0067131b73e40875c9b6c10bd2e21,45,14.977777777777778,0.044444444444444446,4.288888888888889,112.0111111111111,0,0,0,0
b080809eaacb49e5ca07290981472431,11,10.0,0.0,4.818181818181818,38.54545454545455,0,0,0,0
b127efdabeffb5d559349c7b172eb75d,10,9.3,0.1,4.8,30.85,0,0,0,0
b14db04aa7881970e83ffa9426897925,105,14.961904761904762,0.11428571428571428,3.9047619047619047,53.294285714285714,0,0,0,0
b16d3dadc47d4eb18be3d88bad0775ce,11,6.0,0.09090909090909091,4.363636363636363,65.64545454545454,0,0,0,0
b17b679f4f5ce2e03ce6968c62648246,51,18.470588235294116,0.17647058823529413,3.9215686274509802,67.14078431372549,0,0,0,0
b18871c324516afa228a13e8f1ef0ae9,23,6.782608695652174,0.08695652173913043,3.9565217391304346,46.28695652173913,0,0,0,0
b18dc380845b24038cfc48006478f099,48,13.354166666666666,0.14583333333333334,4.3125,161.54083333333332,0,0,0,0
b19f3ca2ea475913750f25a5c37c8d8f,19,18.0,0.3157894736842105,3.263157894736842,213.90842105263155,1,0,0,1
b1a81260566c1bac3114a6d124413f27,54,8.074074074074074,0.018518518518518517,4.222222222222222,160.8275925925926,0,0,0,0
b1aaae6b66ad3c40f54b389d7ea4bee0,17,7.529411764705882,0.0,4.470588235294118,69.20588235294117,0,0,0,0
b1ac6ea7895bc3dd6f0f6f4abbdd2821,38,9.710526315789474,0.0,4.526315789473684,77.94736842105263,0,0,0,0
b1b3948701c5c72445495bd161b83a4c,14,22.785714285714285,0.6428571428571429,1.9285714285714286,743.5428571428572,1,1,1,1
b1fc4f64df5a0e8b6913ab38803c57a9,121,15.256198347107437,0.11570247933884298,3.8016528925619837,66.07223140495867,0,0,0,0
b1fecf4da1fa2689bccffa0121953643,20,10.2,0.0,4.95,183.48200000000003,0,0,0,0
b2479f944e1b90cf8a5de1bbfde284d6,129,14.891472868217054,0.14728682170542637,3.3410852713178296,36.174651162790695,0,0,0,0
b2a6d334e2833acea353624840e25a0e,26,10.346153846153847,0.0,4.5,63.541153846153854,0,0,0,0
b2ac621f0d0322434d04a12b078b9369,30,14.2,0.1,4.4,301.78333333333336,0,0,0,0
b2ba3715d723d245138f291a6fe42594,350,13.32,0.08571428571428572,4.211428571428572,139.41537142857143,0,0,0,0
b2c97074649f92197d9387d9033dda5f,11,11.636363636363637,0.09090909090909091,4.636363636363637,62.24636363636364,0,0,0,0
b2eecf5ea250510da76590ca79d60e5d,11,5.454545454545454,0.0,5.0,96.36363636363636,0,0,0,0
b32be1695eb7ec5f10f72d9610a12527,45,11.911111111111111,0.044444444444444446,4.177777777777778,510.97777777777776,0,0,0,0
b335c59ab742f751a85db9c411a86739,31,16.161290322580644,0.06451612903225806,3.935483870967742,80.59354838709677,0,0,0,0
b33aaadd1a8891d2dfef0c4c3bdf0371,17,12.176470588235293,0.11764705882352941,3.764705882352941,88.47058823529412,0,0,0,0
b33e7c55446eabf8fe1a42d037ac7d6d,152,15.605263157894736,0.13157894736842105,4.190789473684211,290.88927631578946,0,0,0,0
b347677812ea483b0f528eaf8cbc09b7,21,12.857142857142858,0.0,4.523809523809524,347.09476190476187,0,0,0,0
b372ee768ed69e46ca8cdbd267aa7a38,69,11.971014492753623,0.0,4.391304347826087,183.04347826086956,0,0,0,0
b37c4c02bda3161a7546a4e6d222d5b2,15,17.0,0.06666666666666667,1.4,841.4,0,1,0,1
b39d7fe263ef469605dbb32608aee0af,48,12.833333333333334,0.041666666666666664,3.8125,105.48333333333333,0,0,0,0
b3b17aab11f273023a5f22ca52e1eb70,13,16.76923076923077,0.15384615384615385,4.846153846153846,494.38461538461536,0,0,0,0
b410bdd36d5db7a65dcd42b7ead933b8,42,8.761904761904763,0.023809523809523808,4.809523809523809,175.45,0,0,0,0
b494891378bd8f4560abe576c52deacd,21,4.666666666666667,0.09523809523809523,4.714285714285714,135.1904761904762,0,0,0,0
b499c00f28f4b7069ff6550af8c1348a,182,10.335164835164836,0.10989010989010989,4.225274725274725,55.83615384615385,0,0,0,0
b4a476fbd28de64b1e347abf9089366a,35,11.342857142857143,0.08571428571428572,4.0285714285714285,127.97257142857143,0,0,0,0
b4f8921fcc4ff77b66bea6dda43dcd51,20,7.1,0.05,4.6,498.4025,0,0,0,0
b4ffb71f0cb1b1c3d63fad021ecf93e1,164,9.28048780487805,0.024390243902439025,4.030487804878049,40.51439024390244,0,0,0,0
b55638ad525e906c698fa2ce742c1742,12,22.166666666666668,0.16666666666666666,4.166666666666667,91.23333333333333,0,0,1,1
b561927807645834b59ef0d16ba55a24,95,11.51578947368421,0.14736842105263157,4.336842105263158,47.443684210526314,0,0,0,0
b56906f7fd1696e043f1bcce164c487b,42,12.833333333333334,0.047619047619047616,3.9523809523809526,51.1545238095238,0,0,0,0
b5e3e38609125694d2ea2417522a60b7,17,17.235294117647058,0.23529411764705882,4.352941176470588,58.53176470588235,1,0,0,1
b64d51f0435e884e8de603b1655155ae,23,7.565217391304348,0.21739130434782608,4.130434782608695,19.846521739130434,1,0,0,1
b6d44737c043328708f6749c2dbe50bd,79,7.455696202531645,0.05063291139240506,4.569620253164557,66.89367088607595,0,0,0,0
b6dc74ed30f124f95227bed4e43a3bed,10,17.2,0.1,4.7,38.75599999999999,0,0,0,0
b6e1504972665f739dec4facb9943775,14,10.642857142857142,0.07142857142857142,4.357142857142857,106.03428571428572,0,0,0,0
b74d1c09cb380e1d03a6f859c6f4224b,38,11.026315789473685,0.15789473684210525,4.2368421052631575,57.226578947368424,0,0,0,0
b76dba6c951ab00dc4edf0a1aa88037e,167,9.694610778443113,0.029940119760479042,4.197604790419161,15.395209580838323,0,0,0,0
b7ed9fb14c8eadb37adb9c45d67ab0fb,11,13.090909090909092,0.0,2.909090909090909,51.45454545454545,0,1,0,1
b8114f2f589a6804810f04f99b36b498,11,4.818181818181818,0.0,4.7272727272727275,127.23818181818181,0,0,0,0
b81e3a6c866a764974fe849821abeebd,11,5.363636363636363,0.0,4.545454545454546,76.01363636363637,0,0,0,0
b839e41795b7f3ad94cc2014a52f6796,36,6.527777777777778,0.027777777777777776,4.027777777777778,813.8333333333334,0,0,0,0
b83cedfb587e7911540e3f576d6917ce,25,9.72,0.08,4.24,88.99799999999999,0,0,0,0
b8555308bfdb4ca1ed54325a58da9a97,28,9.892857142857142,0.07142857142857142,4.071428571428571,108.82857142857144,0,0,0,0
b8630e1121437d41cb08e3c749c2c2e2,12,10.75,0.16666666666666666,4.333333333333333,456.5,0,0,0,0
b8bc237ba3788b23da09c0f1f3a3288c,47,11.48936170212766,0.02127659574468085,4.361702127659575,291.1853191489362,0,0,0,0
b90e891671cffd9557f33a97dc523645,39,7.102564102564102,0.0,4.128205128205129,114.07692307692308,0,0,0,0
b92e3c8f9738272ff7c59e111e108d7c,70,15.628571428571428,0.02857142857142857,4.057142857142857,117.587,0,0,0,0
b94cc9f10ddc85e4ba73a6f7974e7101,39,10.102564102564102,0.07692307692307693,4.333333333333333,649.9,0,0,0,0
b9a03475e6447e631b6799ec8274800f,11,10.090909090909092,0.0,4.2727272727272725,122.64545454545454,0,0,0,0
b9ca8e8baa5d4aa038394a700f63e69f,14,9.214285714285714,0.07142857142857142,4.214285714285714,92.12642857142858,0,0,0,0
ba143b05f0110f0dc71ad71b4466ce92,84,9.892857142857142,0.15476190476190477,4.464285714285714,71.41309523809524,0,0,0,0
ba5daa4041e1f15cdf34b76e3e18a450,15,5.133333333333334,0.0,4.266666666666667,53.85933333333333,0,0,0,0
ba90964cff9b9e0e6f32b23b82465f7b,38,9.631578947368421,0.05263157894736842,4.421052631578948,786.3815789473684,0,0,0,0
bacb1f0ed56ad24198f5810d2b3fe9a5,38,9.289473684210526,0.02631578947368421,4.342105263157895,159.94868421052632,0,0,0,0
bb135baca94c82fcb731335ad5b04a03,38,7.7105263157894735,0.0,2.6578947368421053,27.659473684210525,0,1,0,1
bb5bd94c8f59cc050072d2930c869cac,17,14.294117647058824,0.058823529411764705,4.235294117647059,149.63941176470587,0,0,0,0
bb7a14e229b1c95156719c3d9552eeee,10,10.9,0.1,4.5,276.02,0,0,0,0
bba3293d6f5d5af2f415e004e8b93ae3,17,11.705882352941176,0.058823529411764705,4.294117647058823,687.7647058823529,0,0,0,0
bba74270a87732727b5a3b4fd9ac1c39,40,8.9,0.0,3.875,149.115,0,0,0,0
bbad7e518d7af88a0897397ffdca1979,84,14.785714285714286,0.2261904761904762,3.0714285714285716,52.77357142857144,1,0,0,1
bbaff50f3b708fda865918715276cd87,16,8.0,0.125,4.8125,28.10625,0,0,0,0
bbf9ad41dca6603e614efcdad7aab8c4,14,13.428571428571429,0.0,4.5,560.4285714285714,0,0,0,0
bc07d855eac23aab5ac8a120f21d16b2,12,12.166666666666666,0.16666666666666666,4.416666666666667,100.21833333333332,0,0,0,0
bc2ac6b95e1accce9858528ee566c17e,22,4.409090909090909,0.0,4.636363636363637,92.95454545454545,0,0,0,0
bc302730ea8cf49b5c74f579febb5bbf,11,10.727272727272727,0.09090909090909091,3.8181818181818183,230.0818181818182,0,0,0,0
bc47d5d1490df2b36add65d733eafaba,22,12.863636363636363,0.09090909090909091,3.5454545454545454,42.26363636363636,0,0,0,0
bc503e244f187939d10c92a5c8e378ce,13,9.23076923076923,0.07692307692307693,4.153846153846154,33.10076923076923,0,0,0,0
bccf933e006e9b94a6184af782963e77,46,11.130434782608695,0.021739130434782608,4.543478260869565,90.49434782608695,0,0,0,0
bce6a5ecf98e99fd2a8868b15c51f04b,15,10.8,0.2,4.133333333333334,230.99333333333334,0,0,0,0
bd0389da23d89b726abf911cccc54596,90,12.433333333333334,0.07777777777777778,4.2,83.024,0,0,0,0
bd15ee794d5e640d9dd71b665b2ab15b,12,14.083333333333334,0.16666666666666666,4.0,31.23333333333333,0,0,0,0
bd1d49a326abfa9b1036772e40445430,13,11.307692307692308,0.07692307692307693,3.8461538461538463,49.05384615384616,0,0,0,0
bd23da7354813347129d751591d1a6e2,87,9.367816091954023,0.04597701149425287,4.137931034482759,111.54712643678161,0,0,0,0
bd4889b5e9133b35b66e42a8665cea5c,42,9.761904761904763,0.0,4.476190476190476,134.74761904761903,0,0,0,0
bd697db56ff8e7c9cd1abeb7f72029b2,21,10.476190476190476,0.0,4.333333333333333,136.65666666666667,0,0,0,0
bdae679a9b282249bc23b9b69dae9a99,12,7.833333333333333,0.0,3.5,55.262499999999996,0,0,0,0
be8e909810184b9b19e886129149d8e5,15,14.933333333333334,0.2,3.7333333333333334,41.99,0,0,0,0
beadbee30901a7f61d031b6b686095ad,68,13.058823529411764,0.23529411764705882,3.9411764705882355,64.32323529411764,1,0,0,1
bf00385a5f7fc1ef39a13c2e9ee50a5f,28,5.428571428571429,0.0,4.428571428571429,30.553214285714287,0,0,0,0
bf100ecb7997df312b285358fb32f92c,21,9.095238095238095,0.0,4.428571428571429,94.85238095238095,0,0,0,0
bf3c6d2a28b2b5501e6c15448982dcc9,43,10.162790697674419,0.023255813953488372,4.4186046511627906,92.01162790697674,0,0,0,0
bf84056e679dbe9c69929847a40e338f,38,11.81578947368421,0.07894736842105263,3.763157894736842,50.47578947368421,0,0,0,0
bfd27a966d91cfaafdb25d076585f0da,115,11.904347826086957,0.05217391304347826,4.3304347826086955,167.17391304347825,0,0,0,0
c003204e1ab016dfa150abc119207b24,200,9.12,0.065,4.44,124.52145,0,0,0,0
c013e57c075a06e5b5c48ee03c525719,45,8.911111111111111,0.08888888888888889,4.155555555555556,43.81222222222222,0,0,0,0
c0563dd588b775f2e37747ef6ad6c92c,28,10.392857142857142,0.10714285714285714,4.357142857142857,132.04285714285714,0,0,0,0
c12b92bf1c350f3e6bf88d3596219c86,17,10.411764705882353,0.058823529411764705,3.8823529411764706,282.8694117647059,0,0,0,0
c157bdeedcbc9a8e3c8bf0d87ff24428,10,12.3,0.0,4.5,51.427,0,0,0,0
c1ed9e3daf6154542826a6996af0fb8c,16,17.625,0.3125,4.625,47.34375,1,0,0,1
c26a2be5b53b7db6b276280da212a779,18,12.944444444444445,0.0,2.7222222222222223,415.6666666666667,0,1,0,1
c273175f7c6c80fb02f051e2fc6d0d72,14,10.0,0.07142857142857142,3.7857142857142856,84.87357142857142,0,0,0,0
c2d70ce2c5d0a2eb75e78668236e6dc8,15,7.6,0.0,4.666666666666667,164.72666666666666,0,0,0,0
c31eff8334d6b3047ed34bebd4d62c36,121,12.272727272727273,0.14049586776859505,3.884297520661157,107.36867768595042,0,0,0,0
c33847515fa6305ce6feb1e818569f13,128,9.0625,0.046875,3.71875,121.248828125,0,0,0,0
c35672b10ad50968f567ea3f4b91e877,22,9.818181818181818,0.045454545454545456,4.454545454545454,52.29863636363636,0,0,0,0
c37b2059d4f90d4feead554e5246565e,16,19.75,0.4375,3.75,52.45625,1,0,0,1
c3867b4666c7d76867627c2f7fb22e21,241,14.564315352697095,0.11203319502074689,4.024896265560166,143.84605809128632,0,0,0,0
c394e193cda3b4225ff2094d32184849,11,13.454545454545455,0.0,5.0,284.99,0,0,0,0
c3acdfac4e3e97ff87529454fbc03642,12,10.75,0.08333333333333333,4.25,874.0,0,0,0,0
c3cfdc648177fdbbbb35635a37472c53,307,9.247557003257329,0.02280130293159609,4.449511400651466,140.22208469055374,0,0,0,0
c3e1abd72a42fe690fcd89cf5720fe29,13,3.923076923076923,0.0,4.461538461538462,138.35461538461539,0,0,0,0
c42fd8e4d47dfb18ce5222f2dd7752f9,11,29.0,0.45454545454545453,4.454545454545454,42.45363636363636,1,0,1,1
c4d51195486dc781531876a7d00453d8,17,23.11764705882353,0.29411764705882354,3.9411764705882355,564.3523529411765,1,0,1,1
c4fabeea6e569d42d02993bb1f4f1cbc,11,21.0,0.09090909090909091,4.0,78.11818181818182,0,0,1,1
c4fb51fb1c5b7c07bc5e67be6e7e8f6e,16,15.5,0.125,3.5,97.99375,0,0,0,0
c510bc1718f0f2961eaa42a23330681a,12,6.583333333333333,0.0,4.25,341.6666666666667,0,0,0,0
c5f7e746b7e6d07def6c0dae9903279b,11,4.7272727272727275,0.0,4.454545454545454,129.9090909090909,0,0,0,0
c5f7feb04a6a1fb3596322bfc3cf1917,11,9.545454545454545,0.09090909090909091,4.2727272727272725,156.4181818181818,0,0,0,0
c60b801f2d52c7f7f91de00870882a75,39,15.076923076923077,0.20512820512820512,3.4358974358974357,273.70512820512823,1,0,0,1
c6381d2d013342748761e906d45aff76,28,16.392857142857142,0.0,3.0,72.96357142857143,0,0,0,0
c66dccfb3f109511246da627dd5a2498,44,10.886363636363637,0.045454545454545456,4.568181818181818,276.87613636363636,0,0,0,0
c679fb69a36e1d8349e8c50a217b4d58,17,10.058823529411764,0.17647058823529413,3.6470588235294117,107.39294117647059,0,0,0,0
c68fb906c8f4b4b946d8386bfa6e5467,48,10.645833333333334,0.020833333333333332,4.520833333333333,94.6075,0,0,0,0
c6a7539d424a8402232c2228d7a03c5e,15,13.2,0.06666666666666667,2.6,40.5,0,1,0,1
c6bda72e4dbf5c5866b13cb1810c6d03,59,9.508474576271187,0.03389830508474576,4.389830508474576,213.19118644067797,0,0,0,0
c70c1b0d8ca86052f45a432a38b73958,336,7.145833333333333,0.08035714285714286,4.321428571428571,108.00342261904763,0,0,0,0
c72de06d72748d1a0dfb2125be43ba63,22,9.136363636363637,0.0,4.454545454545454,560.6363636363636,0,0,0,0
c731d18cea9bf687ffee82a241c25b11,26,7.076923076923077,0.0,4.0,140.84615384615384,0,0,0,0
c794dab4928dd97beb41d05514441e86,16,12.4375,0.125,4.375,82.025,0,0,0,0
c7fdb77fdbff3c41981bc52f787e959e,11,17.363636363636363,0.18181818181818182,3.5454545454545454,59.86181818181819,0,0,0,0
c826c40d7b19f62a09e2d7c5e7295ee2,365,12.712328767123287,0.09041095890410959,4.093150684931507,122.33709589041096,0,0,0,0
c840d3fdbba0790404fdae73d253b253,14,11.285714285714286,0.0,3.9285714285714284,287.195,0,0,0,0
c8417879a15366a17c30af34c798c332,35,8.8,0.08571428571428572,4.057142857142857,49.56285714285715,0,0,0,0
c84592044b180dec206770c38603814b,14,12.571428571428571,0.0,4.428571428571429,35.13857142857143,0,0,0,0
c8467937e403e76a8ee9f0ab13f6f5ef,33,16.21212121212121,0.12121212121212122,4.212121212121212,56.17545454545454,0,0,0,0
c847e075301870dd144a116762eaff9a,42,12.975609756097562,0.09523809523809523,4.214285714285714,296.4452380952381,0,0,0,0
c864036feaab8c1659f65ea4faebe1da,58,11.793103448275861,0.034482758620689655,4.568965517241379,180.2448275862069,0,0,0,0
c878515173c84a492ebe50d6b493230b,10,15.2,0.2,4.2,111.88399999999999,0,0,0,0
c89cf7c468a48af70aada384e722f9e2,14,13.857142857142858,0.07142857142857142,4.071428571428571,53.214285714285715,0,0,0,0
c8b0e2b0a7095e5d8219575d5e7e1181,85,9.670588235294117,0.07058823529411765,4.0588235294117645,143.20247058823531,0,0,0,0
c8b3445d737de6befde0c88ede534a5e,36,11.027777777777779,0.027777777777777776,3.9722222222222223,87.47333333333333,0,0,0,0
c8c1bea22194a4eefa2dc9a9fa89f536,13,8.0,0.0,5.0,97.38461538461539,0,0,0,0
c9a06ece156bb057372c68718ec8909b,11,10.909090909090908,0.0,3.3636363636363638,349.90909090909093,0,0,0,0
c9aafcd0621b2207c10e32c649cada4d,47,8.595744680851064,0.0851063829787234,4.340425531914893,56.83531914893617,0,0,0,0
c9c7905cffc4ef9ff9f113554423e671,139,10.44927536231884,0.11510791366906475,4.158273381294964,76.67035971223022,0,0,0,0
ca3bd7cd9f149df75950150d010fe4a2,135,13.296296296296296,0.022222222222222223,3.785185185185185,68.54422222222222,0,0,0,0
ca4b77513ac2040591b0d8fae6958380,15,7.133333333333334,0.2,4.466666666666667,118.16333333333334,0,0,0,0
ca77545ca4d2dfd1431bf61334e2fa3c,10,12.9,0.0,4.8,76.0,0,0,0,0
caa9bc43a9fe8cf9c564ddd8a03cc4a6,14,8.642857142857142,0.07142857142857142,4.714285714285714,57.419285714285714,0,0,0,0
cab85505710c7cb9b720bceb52b01cee,204,9.691176470588236,0.024509803921568627,4.3431372549019605,54.53235294117647,0,0,0,0
cac4c8e7b1ca6252d8f20b2fc1a2e4af,82,16.024390243902438,0.23170731707317074,3.5609756097560976,50.34378048780487,1,0,0,1
cac63f48c38cd7d002a7e846dcd99a23,10,6.7,0.0,4.8,87.4,0,0,0,0
cac876b37d3abcd6bd76caca30277996,33,11.696969696969697,0.15151515151515152,4.575757575757576,67.56878787878787,0,0,0,0
cb3dd9ce66268c7a3ca7241ac70ab58c,50,12.94,0.06,4.2,55.766400000000004,0,0,0,0
cb41bfbcbda0aea354a834ab222f9a59,11,22.727272727272727,0.36363636363636365,3.272727272727273,344.72727272727275,1,0,1,1
cb5df0dcb9e280b1780e9d589889f2c7,12,20.083333333333332,0.16666666666666666,3.6666666666666665,134.57333333333335,0,0,1,1
cb6c9f5888a7a090c75beaf615925792,11,9.636363636363637,0.09090909090909091,3.8181818181818183,70.8990909090909,0,0,0,0
cb8bcce248bb1fb274ba762d8b971456,67,12.074626865671641,0.014925373134328358,4.343283582089552,136.60298507462687,0,0,0,0
cb9fb4ca75d7ba8437480e8dde64fe98,10,8.7,0.0,4.0,53.214,0,0,0,0
cbd996ad3c1b7dc71fd0e5f5df9087e2,189,12.005291005291005,0.08465608465608465,4.169312169312169,43.47883597883598,0,0,0,0
cbf09e831b0c11f6f23ffb51004db972,10,4.7,0.0,4.4,153.52,0,0,0,0
cc3d14116804f7209f3884f6367f1152,30,12.566666666666666,0.03333333333333333,4.666666666666667,182.59333333333333,0,0,0,0
cc419e0650a3c5ba77189a1882b7556a,1719,11.022687609075044,0.05991855730075625,4.14194299011053,58.870058173356604,0,0,0,0
cc5a78bbad32776dc4e3af205218368c,38,7.184210526315789,0.02631578947368421,4.473684210526316,112.56473684210526,0,0,0,0
cc63f0dd2acba93ffed4fe9f8e0321fa,63,8.555555555555555,0.0,4.0476190476190474,112.64619047619048,0,0,0,0
cca3071e3e9bb7d12640c9fbe2301306,817,13.285189718482252,0.05385556915544676,3.91187270501836,77.1716523867809,0,0,0,0
ccb83a794700270fde70898fe9ff368b,12,15.583333333333334,0.16666666666666666,4.333333333333333,889.0,0,0,0,0
ccc4bbb5f32a6ab2b7066a4130f114e3,189,14.931216931216932,0.07407407407407407,4.322751322751323,372.29439153439154,0,0,0,0
cce6ab8d1682639fe45ab70234f1665f,64,14.9375,0.046875,4.53125,38.1671875,0,0,0,0
ccf8813e5a7d6c84d865cd38bfc2b130,26,11.115384615384615,0.07692307692307693,4.384615384615385,101.36538461538461,0,0,0,0
cd06602b43d8800bd0afad514919d35c,52,11.153846153846153,0.038461538461538464,3.730769230769231,50.43557692307692,0,0,0,0
cd3d09fbe6e3e9ff0c0ac0c300e93ae7,12,11.25,0.08333333333333333,4.166666666666667,54.25333333333333,0,0,0,0
cd68562d3f44870c08922d380acae552,129,15.89922480620155,0.20155038759689922,3.9147286821705425,140.46279069767442,1,0,0,1
cd6efc47efaabf134f8bdb654e10b4f1,32,8.09375,0.09375,4.5,129.9546875,0,0,0,0
cda598c48d7c614bc1cad7d8ff6f0010,18,7.777777777777778,0.0,3.9444444444444446,62.14444444444445,0,0,0,0
ce248b21cb2adc36282ede306b7660e5,65,15.123076923076923,0.1076923076923077,4.246153846153846,200.32892307692308,0,0,0,0
ce27a3cc3c8cc1ea79d11e561e9bebb6,151,9.629139072847682,0.019867549668874173,4.258278145695364,62.712119205298016,0,0,0,0
ce616e1913288884e7742faac9d981db,22,7.090909090909091,0.045454545454545456,4.636363636363637,18.55636363636364,0,0,0,0
ce69a8021d18961dd2a40269b7c2c293,19,9.736842105263158,0.10526315789473684,4.473684210526316,253.57894736842104,0,0,0,0
ce7d1888639e6fb06b2749cbfdac1ff7,84,13.488095238095237,0.08333333333333333,4.107142857142857,140.4034523809524,0,0,0,0
cea729054f157f5870bdd321a958d994,26,6.884615384615385,0.038461538461538464,4.1923076923076925,95.46538461538461,0,0,0,0
ceaec5548eefc6e23e6607c5435102e7,206,12.349514563106796,0.05825242718446602,4.213592233009709,249.8940776699029,0,0,0,0
cee48807215b30a12ca2ca10ffb5f250,40,22.55,0.15,3.7,180.03225,0,0,1,1
cf2384dd2f1dddea3f838efed0945e65,16,13.8125,0.0,3.9375,131.34375,0,0,0,0
cfa5ab0e4d3fc212fd0b3410e7081c62,20,13.65,0.0,3.65,239.0405,0,0,0,0
cfb1a033743668a192316f3c6d1d2671,179,11.430167597765363,0.10614525139664804,4.033519553072626,70.44435754189945,0,0,0,0
cfd7ddab722b902f7ac5b5f3ba6d723d,13,5.6923076923076925,0.0,4.538461538461538,260.38692307692304,0,0,0,0
cfe94489ddd337d1e29e12f2a7205d10,24,7.333333333333333,0.20833333333333334,4.125,99.0,1,0,0,1
d03698c2efd04a549382afa6623e27fb,21,15.142857142857142,0.047619047619047616,4.523809523809524,374.8485714285714,0,0,0,0
d05ae8f7a5bd1d2a690a44cd079e4e27,80,10.775,0.0875,3.8375,165.55,0,0,0,0
d06d019f72a04e5497a0b64190af170c,17,8.0,0.058823529411764705,4.529411764705882,142.1135294117647,0,0,0,0
d101c6da914ae3d53f7bee42283f2fe2,16,13.125,0.0625,3.8125,81.0875,0,0,0,0
d12c926d74ceff0a90a21184466ce161,97,8.11340206185567,0.010309278350515464,4.134020618556701,39.69360824742268,0,0,0,0
d13e50eaa47b4cbe9eb81465865d8cfc,68,4.573529411764706,0.20588235294117646,4.8088235294117645,104.01544117647059,1,0,0,1
d17f467e4bf608a510c20d82f4ba3b6b,11,11.545454545454545,0.18181818181818182,4.2727272727272725,269.43454545454546,0,0,0,0
d1b65fc7debc3361ea86b5f14c68d2e2,40,8.625,0.05,4.65,269.86175,0,0,0,0
d1b9d4be4b6f9ebd85f8acd6745ba612,11,10.454545454545455,0.0,4.181818181818182,104.94090909090909,0,0,0,0
d1c281d3ae149232351cd8c8cc885f0d,239,11.870292887029288,0.08786610878661087,3.811715481171548,112.27451882845189,0,0,0,0
d1c7fa84e48cfa21a0e595167c1c500e,12,11.5,0.0,4.333333333333333,96.33583333333333,0,0,0,0
d1ef48b38baca7e831711c4a0aeb398f,34,9.323529411764707,0.11764705882352941,4.529411764705882,42.327352941176464,0,0,0,0
d20b021d3efdf267a402c402a48ea64b,102,15.598039215686274,0.17647058823529413,3.7058823529411766,38.45392156862745,0,0,0,0
d23019c84ffae2d5ef2270367b8605fc,39,10.717948717948717,0.02564102564102564,4.410256410256411,403.2846153846154,0,0,0,0
d2374cbcbb3ca4ab1086534108cc3ab7,620,13.753225806451614,0.0532258064516129,3.7096774193548385,33.75164516129033,0,0,0,0
d25aa0aaacb370e912f8cf6efeba38b3,21,8.523809523809524,0.047619047619047616,4.523809523809524,126.59285714285713,0,0,0,0
d2e753bb80b7d4faa77483ed00edc8ca,15,12.266666666666667,0.06666666666666667,3.7333333333333334,88.04666666666667,0,0,0,0
d32e3909cfb714fb2a6cb092c85b9c5f,11,21.727272727272727,0.2727272727272727,3.6363636363636362,257.08181818181816,1,0,1,1
d354c38a7182125a748cb10474fe963b,19,12.68421052631579,0.05263157894736842,4.421052631578948,78.96526315789474,0,0,0,0
d3674f271c91f824f82d24d92011f669,20,13.35,0.1,4.1,85.91499999999999,0,0,0,0
d379f449f2a3b271bc01c0782020f705,29,13.068965517241379,0.034482758620689655,3.9310344827586206,148.69172413793106,0,0,0,0
d3f39f05462b79a4562d35893a28f159,37,11.756756756756756,0.13513513513513514,3.324324324324324,63.87567567567568,0,0,0,0
d4910f1cdcfdabd48d6b316e395d4a23,12,5.666666666666667,0.08333333333333333,4.916666666666667,95.57333333333334,0,0,0,0
d4e12e7884759a14fa0f5f896c791cae,32,7.84375,0.0625,4.625,43.75,0,0,0,0
d4e4b5192cba4e0e66eb12a9d347239d,11,13.0,0.0,4.454545454545454,39.27181818181818,0,0,0,0
d4f117125b59ce73c3302f88ee40c458,17,7.294117647058823,0.0,4.823529411764706,46.07588235294117,0,0,0,0
d4ffeb15b67e81ff9af2b4252d99fb7e,12,8.583333333333334,0.0,4.416666666666667,116.7,0,0,0,0
d50d79cb34e38265a8649c383dcffd48,70,12.3,0.07142857142857142,4.257142857142857,184.7347142857143,0,0,0,0
d51e0a403fe2e689ece6c73359d96e12,25,12.48,0.08,4.32,295.2,0,0,0,0
d566c37fa119d5e66c4e9052e83ee4ea,73,5.342465753424658,0.0410958904109589,4.726027397260274,70.48904109589041,0,0,0,0
d57e18d5f73c7ccb7f7339b61166898d,63,8.666666666666666,0.031746031746031744,4.444444444444445,50.598412698412695,0,0,0,0
d5ba419e26d246a0719437cf37d9b46d,34,9.352941176470589,0.11764705882352941,3.9411764705882355,115.04411764705883,0,0,0,0
d624126b9206f595fb3fbb6ba03b28a8,28,9.535714285714286,0.03571428571428571,4.357142857142857,256.3857142857143,0,0,0,0
d650b663c3b5f6fb392b6326366efa9a,57,9.31578947368421,0.07017543859649122,4.368421052631579,319.7526315789474,0,0,0,0
d66c11a9572221d92fbb8c4897db5f9b,16,7.9375,0.0,4.5625,48.535,0,0,0,0
d66c305afaec317ebee552073a674429,44,9.454545454545455,0.022727272727272728,4.5227272727272725,94.2125,0,0,0,0
d673a59aac7a70d8b01e6902bf090a11,84,12.976190476190476,0.09523809523809523,3.9642857142857144,46.535000000000004,0,0,0,0
d6ab728cf30867cf3f1a2e216ae2f9b7,14,10.857142857142858,0.0,4.428571428571429,143.0,0,0,0,0
d6b1ce66b035a475f00c017792ff9769,108,9.685185185185185,0.07407407407407407,4.203703703703703,113.67962962962963,0,0,0,0
d71d863e5ef30d94e440c11be17dcd8f,30,19.333333333333332,0.1,3.6666666666666665,284.89666666666665,0,0,0,0
d7485b33791774c36108f8c69602d48d,10,8.2,0.1,3.7,39.982,0,0,0,0
d8c7ba53e7e38711eaef8c2849d6d2e1,22,7.636363636363637,0.0,4.5,54.13045454545454,0,0,0,0
d8cf3b6a2151949f930d0252b180ec42,19,6.947368421052632,0.0,3.0,32.82631578947369,0,0,0,0
d91fb3b7d041e83b64a00a3edfb37e4f,525,10.862857142857143,0.06285714285714286,4.144761904761904,76.06413333333333,0,0,0,0
d921b68bf747894be13a97ae52b0f386,77,9.493506493506494,0.012987012987012988,4.558441558441558,203.1922077922078,0,0,0,0
d93844a9c55ba7ce353388bcf849ea56,14,15.785714285714286,0.14285714285714285,4.214285714285714,193.46428571428572,0,0,0,0
d93919c944be9cff128f6c9cb899eacb,33,20.333333333333332,0.18181818181818182,4.0,80.80909090909091,0,0,1,1
d9442042130b7fe579d1295f9f4a248f,22,10.863636363636363,0.045454545454545456,4.2272727272727275,35.098181818181814,0,0,0,0
d94a40fd42351c259927028d163af842,109,13.238532110091743,0.03669724770642202,4.155963302752293,125.45688073394494,0,0,0,0
d97df38225e5abadaff1e72cb72b823c,28,11.5,0.17857142857142858,3.9642857142857144,63.42857142857143,0,0,0,0
d98eec89afa3380e14463da2aabaea72,183,7.972677595628415,0.02185792349726776,4.300546448087432,38.07939890710382,0,0,0,0
d9a84e1403de8da0c3aa531d6d108ba6,58,6.879310344827586,0.05172413793103448,4.620689655172414,24.277758620689653,0,0,0,0
d9bd94811c3338dceb4181f3dbc0c73e,61,7.065573770491803,0.11475409836065574,4.819672131147541,113.29540983606559,0,0,0,0
d9e7e7778b32987280a6f2cb9a39c57d,13,18.46153846153846,0.3076923076923077,3.1538461538461537,55.57692307692308,1,0,0,1
d9e8c084b68fe958861d8f2c21202e6b,12,10.75,0.0,4.166666666666667,177.33333333333334,0,0,0,0
da6a60cc8cc724fe51be021ff8be779c,13,7.230769230769231,0.0,4.769230769230769,56.060769230769225,0,0,0,0
da7039f29f90ce5b4846ffc0fcc93beb,18,8.38888888888889,0.05555555555555555,4.555555555555555,69.94999999999999,0,0,0,0
da8622b14eb17ae2831f4ac5b9dab84a,1548,10.527131782945736,0.07299741602067183,4.074935400516796,103.2411046511628,0,0,0,0
daeb5653dd96c1b11860f72209795012,39,11.0,0.07692307692307693,4.230769230769231,47.85564102564102,0,0,0,0
db2956745b3a8e9f3785c99f34b5d25e,46,13.978260869565217,0.10869565217391304,3.8043478260869565,179.58695652173913,0,0,0,0
db4350fd57ae30082dec7acbaacc17f9,145,10.379310344827585,0.041379310344827586,4.151724137931034,22.788413793103445,0,0,0,0
db46ca7bce82b11f7e247539271fc390,16,7.6875,0.0,4.5625,58.373125,0,0,0,0
dbb9b48c841a0e39e21f98e1a6b2ec3e,118,9.466101694915254,0.0423728813559322,4.203389830508475,60.90550847457627,0,0,0,0
dbc22125167c298ef99da25668e1011f,417,10.918465227817746,0.023980815347721823,4.275779376498801,78.72690647482015,0,0,0,0
dbd66278cbfe1aa1000f90a217ca4695,99,8.606060606060606,0.06060606060606061,4.454545454545454,49.78686868686869,0,0,0,0
dbdd0ec73a4817971d962698f2fea022,16,12.1875,0.0625,4.375,399.0,0,0,0,0
dc317f341ab0e22f39acbd9dbf9b4a1f,58,11.327586206896552,0.05172413793103448,4.120689655172414,327.38620689655176,0,0,0,0
dc4a0fc896dc34b0d5bfec8438291c80,242,13.264462809917354,0.06611570247933884,3.809917355371901,97.75198347107438,0,0,0,0
dc8798cbf453b7e0f98745e396cc5616,43,13.069767441860465,0.06976744186046512,3.488372093023256,40.30232558139535,0,0,0,0
dd2bdf855a9172734fbc3744021ae9b9,110,14.518181818181818,0.05454545454545454,3.890909090909091,96.42727272727272,0,0,0,0
dd533b429f380718b70ad9922c294bae,43,15.953488372093023,0.11627906976744186,3.86046511627907,52.20651162790698,0,0,0,0
dd55f1bb788714a40e7954c3be6df745,37,18.0,0.16216216216216217,3.810810810810811,190.31783783783783,0,0,0,0
dd7ddc04e1b6c2c614352b383efe2d36,142,14.28169014084507,0.14788732394366197,3.788732394366197,64.4268309859155,0,0,0,0
ddd51ae8cda92f3995a51fc0f0f3eec7,25,6.44,0.0,4.6,33.708,0,0,0,0
de0c78824586e9a5f5f04fd84e25df39,16,6.0,0.0,4.4375,155.58125,0,0,0,0
de23c3b98a88888289c6f5cc1209054a,178,10.275280898876405,0.0898876404494382,4.314606741573034,145.69477528089888,0,0,0,0
de722cd6dad950a92b7d4f82673f8833,377,12.352785145888594,0.03978779840848806,4.1697612732095495,146.2236074270557,0,0,0,0
de9727ca376d1be6ec121b110aa7954c,11,10.909090909090908,0.09090909090909091,3.6363636363636362,90.70909090909092,0,0,0,0
dee656f0f566ed1aa85bd137c943f08f,94,11.96808510638298,0.05319148936170213,4.382978723404255,66.08595744680851,0,0,0,0
df0f42bc4c2142eacf0eaf2cffd0cfbb,16,13.875,0.0,4.0625,103.375,0,0,0,0
df560393f3a51e74553ab94004ba5c87,27,16.85185185185185,0.07407407407407407,3.925925925925926,127.0288888888889,0,0,0,0
df56d7b40d437f88407c5f78b63bc328,25,10.88,0.04,3.88,111.6512,0,0,0,0
df91910b6a03bb2e3358fa6a35e32f6f,13,8.846153846153847,0.0,4.615384615384615,161.0153846153846,0,0,0,0
dfa0c4c6229ab200a4a1336b4d7128ff,86,9.186046511627907,0.03488372093023256,4.011627906976744,55.54767441860466,0,0,0,0
dfc475d54e1b6dbeeb7d7d9bdaa63827,20,12.5,0.05,4.55,85.4185,0,0,0,0
dfc5fb7259bb2b599ca565e6e9448f0f,34,13.676470588235293,0.058823529411764705,4.117647058823529,180.13617647058823,0,0,0,0
e067ad2c1c0b48758eb1b5228bcf7a68,61,13.852459016393443,0.08196721311475409,4.131147540983607,82.66475409836066,0,0,0,0
e06f09ec0a4aca210779cf1cfc63cf19,31,14.548387096774194,0.06451612903225806,4.032258064516129,170.30612903225807,0,0,0,0
e0878efa0e0b7e5313ac0b43bc04c081,28,17.285714285714285,0.17857142857142858,3.5357142857142856,179.47857142857143,0,0,0,0
e0a366315b1b726b6c7832d664c0f530,51,6.9411764705882355,0.0392156862745098,4.333333333333333,145.09980392156862,0,0,0,0
e1b12447a7563944843191754aeb5562,10,15.5,0.3,4.5,47.246,1,0,0,1
e1dc0754bada9ee4cfe9713f22f61292,12,7.833333333333333,0.0,3.8333333333333335,73.75,0,0,0,0
e21a1e8be4715b0fcfd5385643bc49c4,23,16.130434782608695,0.0,3.6956521739130435,29.291304347826085,0,0,0,0
e24d3429d294b2eb200b064ebb035879,22,7.318181818181818,0.045454545454545456,4.136363636363637,85.39,0,0,0,0
e24fc9fcd865784fb25705606fe3dfe7,55,11.763636363636364,0.07272727272727272,4.181818181818182,232.14545454545456,0,0,0,0
e250d617a0ad591ba9bd663e584a895d,20,7.8,0.0,2.8,45.206,0,1,0,1
e256a62e0ac58c0edfba09966142d561,14,8.0,0.0,4.5,105.29357142857144,0,0,0,0
e26901d5ab434ce92fd9b5c256820a4e,215,8.78139534883721,0.023255813953488372,4.144186046511628,53.96046511627907,0,0,0,0
e2aee0892199b1d92530e371abd825bf,39,14.564102564102564,0.1282051282051282,3.8974358974358974,138.27615384615385,0,0,0,0
e2c92f9c1c7746d899d18f2e158bbff7,12,8.666666666666666,0.0,4.583333333333333,136.82500000000002,0,0,0,0
e333046ce6517bd8bb510291d44f0130,74,9.486486486486486,0.05405405405405406,4.391891891891892,98.21621621621621,0,0,0,0
e38db885400cd35c71dfd162f2c1dbcf,32,12.21875,0.125,4.5,64.5875,0,0,0,0
e3a386fc36e22064434e1fa256f6a9fa,17,10.0,0.17647058823529413,4.235294117647059,46.699999999999996,0,0,0,0
e48b04bf1aa1ef711caebeb7aede6180,25,10.12,0.0,4.48,127.48400000000001,0,0,0,0
e48cc16ab70bfa09e1401740dce0b3d7,17,14.176470588235293,0.11764705882352941,3.235294117647059,63.931176470588234,0,0,0,0
e49c26c3edfa46d227d5121a6b6e4d37,35,11.114285714285714,0.0,4.514285714285714,103.66714285714285,0,0,0,0
e504a4e2efaa45cbff7e268a2c58c956,11,12.181818181818182,0.2727272727272727,3.909090909090909,98.9909090909091,1,0,0,1
e5475dcab1e07b63d7f6e902d8f5eda8,19,9.157894736842104,0.05263157894736842,4.105263157894737,109.78947368421052,0,0,0,0
e59aa562b9f8076dd550fcddf0e73491,82,13.292682926829269,0.08536585365853659,4.329268292682927,365.5426829268293,0,0,0,0
e5a3438891c0bfdb9394643f95273d8e,247,14.777327935222672,0.18218623481781376,3.88663967611336,30.56740890688259,0,0,0,0
e5a38146df062edaf55c38afa99e42dc,124,11.370967741935484,0.08870967741935484,3.975806451612903,123.15233870967741,0,0,0,0
e5e33c0d8e7e002f398f5dc4cbbb338f,27,11.296296296296296,0.1111111111111111,4.592592592592593,207.7,0,0,0,0
e601b04acf48b4576e73ddca9481f0dc,16,6.625,0.0,3.875,30.74625,0,0,0,0
e603cf3fec55f8697c9059638d6c8eb5,10,6.1,0.0,4.7,27.0,0,0,0,0
e627629ba868740e287800f1a9be81c2,11,6.545454545454546,0.0,4.909090909090909,30.64545454545454,0,0,0,0
e62b2d6ac10570a035a30bafcf01d263,71,14.267605633802816,0.15492957746478872,3.915492957746479,75.21676056338029,0,0,0,0
e63e8bfa530fb16910dd6956e592bb81,42,8.880952380952381,0.047619047619047616,4.333333333333333,30.54285714285714,0,0,0,0
e64d65bc8dbec2accda90c58de5d1246,12,13.0,0.3333333333333333,3.0833333333333335,139.9,1,0,0,1
e6a69c4a27dfdd98ffe5aa757ad744bc,23,9.782608695652174,0.0,4.304347826086956,22.963043478260868,0,0,0,0
e7d5b006eb624f13074497221eb37807,63,10.53968253968254,0.031746031746031744,3.111111111111111,55.22111111111111,0,0,0,0
e7df4cd29ab5abab70fb0783ddb53987,24,9.791666666666666,0.16666666666666666,4.291666666666667,316.15416666666664,0,0,0,0
e7f3bf1ecd8526eb7f3b18059e6716e5,18,8.277777777777779,0.0,4.444444444444445,76.78,0,0,0,0
e819bcfade7b5d88a27325eb6cfd62c5,11,8.545454545454545,0.09090909090909091,3.5454545454545454,18.44545454545454,0,0,0,0
e81e1f9c3e762e620f3fb60a51499e16,18,21.666666666666668,0.1111111111111111,3.888888888888889,248.11055555555555,0,0,1,1
e84ad2127668df3aafc6b73531a0beb8,23,9.217391304347826,0.043478260869565216,4.391304347826087,43.431304347826085,0,0,0,0
e882b2a25a10b9c057cc49695f222c19,58,9.017241379310345,0.0,4.586206896551724,607.7851724137931,0,0,0,0
e883aa812c37a7413226856f4579fe91,29,9.551724137931034,0.034482758620689655,3.896551724137931,141.2793103448276,0,0,0,0
e89c4adbe7b1d0819dbb636e16461cf1,25,14.08,0.12,3.88,127.25200000000001,0,0,0,0
e8a85b5f3df47be0984c55fd4064dbb4,14,10.214285714285714,0.14285714285714285,4.714285714285714,53.49857142857143,0,0,0,0
e8b3a3a38279a82f0e5d006d5e5b7d2c,85,16.376470588235293,0.047058823529411764,3.929411764705882,138.38117647058823,0,0,0,0
e8b4225284fbb02d16f200513f1f395d,30,9.666666666666666,0.1,4.3,187.954,0,0,0,0
e8f6dc8e6a1dcde89d20e3995c8d90b3,44,12.318181818181818,0.06818181818181818,3.5681818181818183,48.83500000000001,0,0,0,0
e9511df20ccd82658a30c37b7fb343af,30,9.133333333333333,0.0,4.466666666666667,69.88666666666667,0,0,0,0
e96498ed8daaa3e9c23f7a62da76591c,34,14.588235294117647,0.14705882352941177,3.9411764705882355,276.7088235294118,0,0,0,0
e9779976487b77c6d4ac45f75ec7afe9,738,9.200542005420054,0.07452574525745258,4.2073170731707314,57.29627371273713,0,0,0,0
e99e927c81e3f51739c94fcdfca9f10f,24,13.583333333333334,0.16666666666666666,3.625,108.24374999999999,0,0,0,0
e9bc59e7b60fc3063eb2290deda4cced,260,13.907692307692308,0.12692307692307692,4.0346153846153845,129.01419230769233,0,0,0,0
e9c6969d40e6a3d2d0f90013165c2b98,10,8.7,0.0,4.4,505.99799999999993,0,0,0,0
e9d99831abad74458942f21e16f33f92,149,11.838926174496644,0.10067114093959731,3.912751677852349,33.08677852348993,0,0,0,0
ea00f977a203ff88adf7057cb7806998,18,4.888888888888889,0.1111111111111111,4.277777777777778,21.651666666666664,0,0,0,0
ea566164622c6b439516ab18062c42cd,52,13.788461538461538,0.23076923076923078,3.75,154.7580769230769,1,0,0,1
ea65d8b58316a6f2362f2a9e4b3e86ad,16,9.6875,0.0,3.1875,126.90625,0,0,0,0
ea67327e24487bdfac5fbfa37ea124df,34,8.117647058823529,0.029411764705882353,3.5588235294117645,183.82882352941178,0,0,0,0
ea8482cd71df3c1969d7b9473ff13abc,1188,12.765993265993266,0.10353535353535354,3.989057239057239,30.889528619528622,0,0,0,0
eb3071b9f0b0ddaa2df5ea130f09f26b,11,7.909090909090909,0.09090909090909091,4.636363636363637,566.3636363636364,0,0,0,0
eb4df17aed01d918c65f0f8d650900c0,11,12.545454545454545,0.2727272727272727,3.909090909090909,339.98818181818183,1,0,0,1
eb5b6204dde3a6e03b5f1bb8479f055b,21,10.19047619047619,0.047619047619047616,3.857142857142857,21.676190476190477,0,0,0,0
ebd2d60905fb58271facef5596b620d3,85,10.882352941176471,0.03529411764705882,4.235294117647059,90.74141176470589,0,0,0,0
ec4608a1f76453166bb312b2968aeaf4,29,13.03448275862069,0.20689655172413793,3.0344827586206895,33.40724137931034,1,0,0,1
ec80e49e69745ab6c14f984bf2149423,12,12.25,0.16666666666666666,4.083333333333333,309.0833333333333,0,0,0,0
ec8879960bd2221d5c32f8e12f7da711,35,15.885714285714286,0.17142857142857143,4.314285714285714,113.07142857142857,0,0,0,0
ecccfa2bb93b34a3bf033cc5d1dcdc69,16,32.3125,0.25,2.5,70.05312500000001,1,1,1,1
ececbfcff9804a2d6b40f589df8eef2b,103,12.611650485436893,0.0970873786407767,4.116504854368932,65.18592233009709,0,0,0,0
ed4311e67debd72b8610a5347a743087,26,7.576923076923077,0.07692307692307693,4.5,139.84615384615384,0,0,0,0
ed4acab38528488b65a9a9c603ff024a,40,8.717948717948717,0.025,3.725,207.92675,0,0,0,0
ed859002ad59dbf8cf3602696a6c3000,11,21.454545454545453,0.0,4.545454545454546,187.62727272727273,0,0,1,1
ed8cb7b190ceb6067227478e48cf8dde,17,6.882352941176471,0.058823529411764705,3.176470588235294,33.73529411764706,0,0,0,0
edb1ef5e36e0c8cd84eb3c9b003e486d,174,11.063218390804598,0.07471264367816093,4.454022988505747,382.79540229885055,0,0,0,0
ede0c03645598cdfc63ca8237acbe73d,47,18.04255319148936,0.3404255319148936,3.723404255319149,50.045744680851065,1,0,0,1
edf96ef93ed595084bbcbd9224bd2894,28,13.071428571428571,0.10714285714285714,3.7857142857142856,134.17857142857142,0,0,0,0
eeb6de78f79159600292e314a77cbd18,83,10.614457831325302,0.03614457831325301,4.421686746987952,419.769156626506,0,0,0,0
eed78ac17f7f795a19a709745f00cd4e,56,9.410714285714286,0.0,3.4107142857142856,77.66964285714286,0,0,0,0
ef0ace09169ac090589d85746e3e036f,139,11.582733812949641,0.07913669064748201,4.366906474820144,115.86618705035973,0,0,0,0
ef2fbc2b607d8492bcffe657a4645434,21,6.571428571428571,0.09523809523809523,4.0476190476190474,43.852380952380955,0,0,0,0
ef506c96320abeedfb894c34db06f478,332,12.493975903614459,0.08734939759036145,3.9397590361445785,28.78463855421687,0,0,0,0
ef990a83bbea832f36ebe81376335aa8,44,16.454545454545453,0.25,3.659090909090909,105.5134090909091,1,0,0,1
efcd8d2104f1a05d028af7bad20d974b,50,9.76,0.02,4.2,47.6958,0,0,0,0
f00e21b1e91a79653163b7fd8f293ff1,31,12.161290322580646,0.03225806451612903,4.129032258064516,125.80935483870968,0,0,0,0
f0837c8d71434931d9e38e7b79234797,23,11.217391304347826,0.043478260869565216,4.608695652173913,127.42956521739131,0,0,0,0
f08a5b9dd6767129688d001acafc21e5,18,18.77777777777778,0.2222222222222222,3.4444444444444446,728.9444444444445,1,0,0,1
f08c008c8a8d31417763738a1788a2a8,21,14.285714285714286,0.14285714285714285,3.380952380952381,57.71047619047619,0,0,0,0
f0b47fbbc6dee9aafe415a6e33051b3f,85,9.929411764705883,0.09411764705882353,4.258823529411765,44.31670588235294,0,0,0,0
f0e103c63864d5405b958d984b6e94c9,11,8.181818181818182,0.0,4.7272727272727275,86.51818181818182,0,0,0,0
f125f3a310c2e5f822d116147de1e474,22,13.318181818181818,0.09090909090909091,4.363636363636363,125.51818181818182,0,0,0,0
f12d3c2a14729ae461b920c11fe20fdc,11,4.363636363636363,0.0,4.2727272727272725,33.13181818181818,0,0,0,0
f12ff17ad8bbf01ec5c33b17e506649b,28,13.321428571428571,0.10714285714285714,3.857142857142857,217.89285714285714,0,0,0,0
f181738b150df1f37cb0bd72e705b193,37,8.621621621621621,0.10810810810810811,4.486486486486487,149.45135135135135,0,0,0,0
f1b93673502375d491780bb49d615dbc,10,12.6,0.2,2.7,263.893,0,1,0,1
f1ed6bd0a9b11b581f16c851c6a5a527,18,20.61111111111111,0.05555555555555555,4.5,90.15388888888889,0,0,1,1
f1fd5ab1181f827ffad998c1a5de7d74,15,9.0,0.0,4.666666666666667,448.666,0,0,0,0
f214d28e8d8e3ef068748498ccc2f813,57,9.666666666666666,0.07017543859649122,4.140350877192983,37.7619298245614,0,0,0,0
f262cbc1c910c83959f849465454ddd3,204,8.504901960784315,0.09313725490196079,4.122549019607843,49.9993137254902,0,0,0,0
f27e33c6d29b5138fa9967bcd445b6d5,98,12.061224489795919,0.10204081632653061,4.091836734693878,90.72010204081633,0,0,0,0
f326006815956455b2859abd58fe7e39,30,14.866666666666667,0.0,4.7,104.90533333333333,0,0,0,0
f3b80352b986ab4d1057a4b724be19d0,91,10.087912087912088,0.0,4.164835164835165,107.85824175824176,0,0,0,0
f3c38ab652836d21de61fb8314b69182,15,7.8,0.06666666666666667,4.266666666666667,105.4,0,0,0,0
f3da5b2ff499efb8d4a6d371d175d7dd,82,10.682926829268293,0.13414634146341464,3.9146341463414633,43.18256097560976,0,0,0,0
f41ce2e25237f9092cd8e6e7516c7a2f,27,8.11111111111111,0.0,4.444444444444445,72.66296296296296,0,0,0,0
f435898e493ba0356019a0b1cb8b55b1,12,10.166666666666666,0.0,4.333333333333333,54.14666666666667,0,0,0,0
f44b6f775a2b390380e0e30b5c9d3eee,10,8.3,0.0,4.9,293.0,0,0,0,0
f45122a9ab94eb4f3f8953578bc0c560,197,11.934010152284264,0.07106598984771574,3.9238578680203045,105.45862944162435,0,0,0,0
f457c46070d02cadd8a68551231220dd,230,14.013043478260869,0.06521739130434782,3.8086956521739133,81.73173913043478,0,0,0,0
f46490624488d3ff7ce78613913a7711,87,9.586206896551724,0.11494252873563218,3.574712643678161,65.4132183908046,0,0,0,0
f4a04f7be452aa3bb31760bf00055dd0,18,8.61111111111111,0.05555555555555555,4.666666666666667,72.89444444444445,0,0,0,0
f4aba7c0bca51484c30ab7bdc34bcdd1,115,10.356521739130434,0.06956521739130435,3.8956521739130436,25.66869565217391,0,0,0,0
f4c4daa86e30c7e5a553a8d518ac03a5,18,16.11111111111111,0.05555555555555555,4.0,332.46166666666664,0,0,0,0
f4db9b37944bcb8873e6b456ee190bbf,22,12.863636363636363,0.09090909090909091,4.545454545454546,154.99,0,0,0,0
f52c2422904463fdd7741f99045fecb6,13,5.0,0.07692307692307693,4.3076923076923075,43.676153846153845,0,0,0,0
f593898ec748b7a8cb81fc04edafd98a,22,17.136363636363637,0.18181818181818182,3.4545454545454546,117.84909090909092,0,0,0,0
f5a590cf36251cf1162ea35bef76fe84,118,11.211864406779661,0.1016949152542373,4.279661016949152,408.86254237288136,0,0,0,0
f5b44895715ddfe3087dc414f30268f3,19,12.105263157894736,0.05263157894736842,4.0,19.936842105263157,0,0,0,0
f5f1f2c5f923f36ad79ea1d07185ddc9,11,12.363636363636363,0.09090909090909091,3.4545454545454546,137.9790909090909,0,0,0,0
f5f2ab9bdb6b30c14c61be68c5ed37da,18,12.777777777777779,0.1111111111111111,4.277777777777778,118.59333333333335,0,0,0,0
f5f46307a4d15880ca14fab4ad9dfc9b,10,12.5,0.1,4.0,142.294,0,0,0,0
f615fe7efbef0f4f08fd3086bc7a3e60,23,7.217391304347826,0.08695652173913043,4.521739130434782,89.62478260869565,0,0,0,0
f61c63d13f7cd800549d5acdd390ae72,26,11.384615384615385,0.07692307692307693,4.0,118.24192307692307,0,0,0,0
f62d7bb4a613ec758a03342d46b580b2,32,13.4375,0.125,4.375,770.59375,0,0,0,0
f63d8f293af3a6454377546bd9dd19ff,28,17.678571428571427,0.21428571428571427,3.8214285714285716,62.565,1,0,0,1
f67efa3f0b6761102a7f8c6b7b571f5d,32,9.1875,0.0,4.4375,162.14625,0,0,0,0
f680f85bee2d253556ac91be391d2c82,54,10.09433962264151,0.018518518518518517,4.296296296296297,95.99851851851852,0,0,0,0
f7496d659ca9fdaf323c0aae84176632,26,12.0,0.07692307692307693,4.576923076923077,186.06423076923076,0,0,0,0
f76a3b1349b6df1ee875d1f3fa4340f0,24,16.583333333333332,0.375,3.4583333333333335,173.36625,1,0,0,1
f7720c4fa8e3aba4546301ab80ea1f1b,77,9.220779220779221,0.03896103896103896,4.233766233766234,26.553766233766233,0,0,0,0
f789d2c4f2c2eb38fc4373e7a4b35264,49,10.387755102040817,0.04081632653061224,4.183673469387755,99.27020408163264,0,0,0,0
f7ba60f8c3f99e7ee4042fdef03b70c4,229,12.397379912663755,0.16593886462882096,4.218340611353712,296.56768558951967,0,0,0,0
f7ccf836d21b2fb1de37564105216cc1,73,10.465753424657533,0.0958904109589041,3.8904109589041096,37.64931506849315,0,0,0,0
f80edd2c5aaa505cc4b0a3b219abf4b8,125,11.656,0.064,4.144,70.844,0,0,0,0
f8201cab383e484733266d1906e2fdfa,10,12.7,0.2,4.1,88.9,0,0,0,0
f84a00e60c73a49e7e851c9bdca3a5bb,97,10.494845360824742,0.10309278350515463,3.7216494845360826,60.380309278350516,0,0,0,0
f84fa566034f5e8e880a07ec624c56af,100,10.98,0.12,4.3,49.939099999999996,0,0,0,0
f8db351d8c4c4c22c6835c19a46f01b0,714,9.434782608695652,0.058823529411764705,4.254901960784314,70.1436974789916,0,0,0,0
f918546be4bec7104d117789ba758b2b,23,11.521739130434783,0.17391304347826086,3.8260869565217392,64.47826086956522,0,0,0,0
f9244d45189d3a3605499abddeade7d5,20,14.55,0.0,4.35,531.1310000000001,0,0,0,0
f97e2b0650c2068227e1d366140eb62f,21,13.666666666666666,0.047619047619047616,3.7142857142857144,174.0,0,0,0,0
f9903dd0f812c7e771fcad47b6fff231,15,12.866666666666667,0.0,2.933333333333333,112.32333333333334,0,1,0,1
fa1a9dec3a9940c072684a46728bf1fc,60,14.1,0.0,4.0,111.23333333333333,0,0,0,0
fa1c13f2614d7b5c4749cbc52fecda94,579,12.723661485319516,0.10189982728842832,4.3782383419689115,311.6173575129534,0,0,0,0
fa40cc5b934574b62717c68f3d678b6d,337,10.56379821958457,0.05934718100890208,4.448071216617211,47.18243323442136,0,0,0,0
fac1a9017ade7bdc94058fc1c969f355,10,7.3,0.0,4.7,201.084,0,0,0,0
fad44952713764836814be105382aee5,32,10.28125,0.03125,4.28125,160.28125,0,0,0,0
fb3cfbc8a86f5d7fbb4d36b8df63f60d,15,7.0,0.0,3.1333333333333333,67.15333333333334,0,0,0,0
fb89df7f89fd1b8f03fa2acca1ba7364,25,15.04,0.08,3.84,88.8,0,0,0,0
fbc14c0cf93505ef89f64665ffa4a7b5,18,11.61111111111111,0.05555555555555555,4.222222222222222,547.1033333333334,0,0,0,0
fc906263ca5083d09dce42fe02247800,117,8.914529914529915,0.0,4.3760683760683765,37.75982905982906,0,0,0,0
fcb5ace8bcc92f75707dc0f01a27d269,70,9.942857142857143,0.02857142857142857,3.914285714285714,112.64214285714286,0,0,0,0
fcdd820084f17e9982427971e4e9d47f,27,10.74074074074074,0.07407407407407407,3.259259259259259,177.1848148148148,0,0,0,0
fce62094ffe6a4009188ec44e681dfdd,11,18.454545454545453,0.45454545454545453,3.1818181818181817,269.97272727272724,1,0,0,1
fd386aa7bed2af3c7035c65506c9b4a3,76,7.75,0.10526315789473684,4.355263157894737,30.38473684210526,0,0,0,0
fdaaf5bfda82b7b80535610c831b8d09,15,10.533333333333333,0.2,3.933333333333333,172.59333333333333,0,0,0,0
fdb9095204a334cd8872252ffec6f2db,61,8.383333333333333,0.04918032786885246,4.131147540983607,133.70491803278688,0,0,0,0
fde0cc9ea29c8ccfc0a2c22256a58c71,35,8.17142857142857,0.02857142857142857,4.485714285714286,112.05714285714286,0,0,0,0
fe1bbc5feda5c8979a8a1b3b2512d5a6,10,10.9,0.1,3.8,72.47200000000001,0,0,0,0
fe2032dab1a61af8794248c8196565c9,305,9.662295081967214,0.08524590163934426,4.4032786885245905,215.37609836065576,0,0,0,0
fe49ee029e61e789a1f3a5525f57ba8d,16,10.0625,0.0625,4.25,154.605625,0,0,0,0
fe701d88b67eaca109dffd464d1be9f9,10,11.9,0.1,4.3,135.9,0,0,0,0
febab0275244b9a49a623f0bd613ca2f,126,7.650793650793651,0.03968253968253968,4.317460317460317,56.55103174603175,0,0,0,0
fec6275253471ace26d209bbaa64cd0f,10,12.9,0.0,4.6,284.0,0,0,0,0
ff063b022a9a0aab91bad2c9088760b7,96,8.927083333333334,0.03125,4.291666666666667,120.140625,0,0,0,0
ff1fb4c404b2efe68b03350a8dc24122,49,9.489795918367347,0.14285714285714285,4.061224489795919,138.18367346938774,0,0,0,0
ff4e2d38692ce827b1a4f4b8196e680d,11,8.818181818181818,0.0,4.2727272727272725,47.17272727272727,0,0,0,0
ff69aa92bb6b1bf9b8b7a51c2ed9cf8b,20,11.0,0.25,3.65,847.2450000000001,1,0,0,1
ffa6adafb71b807dc13159e26431354c,17,9.352941176470589,0.0,3.9411764705882355,147.11176470588236,0,0,0,0
ffad1e7127fb622cb64a900751590acd,15,8.0,0.0,4.866666666666666,58.95333333333333,0,0,0,0
ffc470761de7d0232558ba5e786e57b7,30,9.6,0.06666666666666667,4.3,50.971000000000004,0,0,0,0
ffdd9f82b9a447f6f8d4b91554cc7dd3,20,9.8,0.0,4.25,105.05999999999999,0,0,0,0
ffeee66ac5d5a62fe688b9d26f83f534,14,17.642857142857142,0.14285714285714285,4.214285714285714,131.41857142857143,0,0,0,0
fffd5413c0700ac820c7069d66d98c89,58,13.327586206896552,0.13793103448275862,3.9310344827586206,147.1551724137931,0,0,0,0
